id,single_win_desc,single_lose_desc,unions_win_desc,multiple1,horn1,red_paper_desc,multiple2,horn2,red_paper_count,red_paper
0,0,0,0,0,0,0,0,0,0,0
1,你击败了第[colorindex:colorIndex=2]{}[colorindex:colorIndex=0]层精灵获得大量基础资源,你被第[colorindex:colorIndex=2]{}[colorindex:colorIndex=0]层精灵击败,[colorindex:colorIndex=2]{}[colorindex:colorIndex=0]公会推进到第[colorindex:colorIndex=2]{}[colorindex:colorIndex=0]层,1,1,[colorindex:colorIndex=2]{}[colorindex:colorIndex=0]公会推进到第[colorindex:colorIndex=2]{}[colorindex:colorIndex=0]层，给全服玩家发[colorindex:colorIndex=2]{}[colorindex:colorIndex=0]个红包,1,1,50,8888
2,你击败了第[colorindex:colorIndex=2]{}[colorindex:colorIndex=0]层精灵获得大量基础资源,你被第[colorindex:colorIndex=2]{}[colorindex:colorIndex=0]层精灵击败,[colorindex:colorIndex=2]{}[colorindex:colorIndex=0]公会推进到第[colorindex:colorIndex=2]{}[colorindex:colorIndex=0]层,1,0,[colorindex:colorIndex=2]{}[colorindex:colorIndex=0]公会推进到第[colorindex:colorIndex=2]{}[colorindex:colorIndex=0]层，给全服玩家发[colorindex:colorIndex=2]{}[colorindex:colorIndex=0]个红包,1,1,50,8888
3,你击败了第[colorindex:colorIndex=2]{}[colorindex:colorIndex=0]层精灵获得大量基础资源,你被第[colorindex:colorIndex=2]{}[colorindex:colorIndex=0]层精灵击败,[colorindex:colorIndex=2]{}[colorindex:colorIndex=0]公会推进到第[colorindex:colorIndex=2]{}[colorindex:colorIndex=0]层,1,0,[colorindex:colorIndex=2]{}[colorindex:colorIndex=0]公会推进到第[colorindex:colorIndex=2]{}[colorindex:colorIndex=0]层，给全服玩家发[colorindex:colorIndex=2]{}[colorindex:colorIndex=0]个红包,1,1,50,8888
4,你击败了第[colorindex:colorIndex=2]{}[colorindex:colorIndex=0]层精灵获得大量基础资源,你被第[colorindex:colorIndex=2]{}[colorindex:colorIndex=0]层精灵击败,[colorindex:colorIndex=2]{}[colorindex:colorIndex=0]公会推进到第[colorindex:colorIndex=2]{}[colorindex:colorIndex=0]层,1,0,[colorindex:colorIndex=2]{}[colorindex:colorIndex=0]公会推进到第[colorindex:colorIndex=2]{}[colorindex:colorIndex=0]层，给全服玩家发[colorindex:colorIndex=2]{}[colorindex:colorIndex=0]个红包,1,1,50,8888
5,你击败了第[colorindex:colorIndex=2]{}[colorindex:colorIndex=0]层精灵获得大量基础资源,你被第[colorindex:colorIndex=2]{}[colorindex:colorIndex=0]层精灵击败,[colorindex:colorIndex=2]{}[colorindex:colorIndex=0]公会推进到第[colorindex:colorIndex=2]{}[colorindex:colorIndex=0]层,0,1,[colorindex:colorIndex=2]{}[colorindex:colorIndex=0]公会推进到第[colorindex:colorIndex=2]{}[colorindex:colorIndex=0]层，给全服玩家发[colorindex:colorIndex=2]{}[colorindex:colorIndex=0]个红包,1,1,50,8888
6,你击败了第[colorindex:colorIndex=2]{}[colorindex:colorIndex=0]层精灵获得大量基础资源,你被第[colorindex:colorIndex=2]{}[colorindex:colorIndex=0]层精灵击败,[colorindex:colorIndex=2]{}[colorindex:colorIndex=0]公会推进到第[colorindex:colorIndex=2]{}[colorindex:colorIndex=0]层,1,0,[colorindex:colorIndex=2]{}[colorindex:colorIndex=0]公会推进到第[colorindex:colorIndex=2]{}[colorindex:colorIndex=0]层，给全服玩家发[colorindex:colorIndex=2]{}[colorindex:colorIndex=0]个红包,1,1,50,8888
7,你击败了第[colorindex:colorIndex=2]{}[colorindex:colorIndex=0]层精灵获得大量基础资源,你被第[colorindex:colorIndex=2]{}[colorindex:colorIndex=0]层精灵击败,[colorindex:colorIndex=2]{}[colorindex:colorIndex=0]公会推进到第[colorindex:colorIndex=2]{}[colorindex:colorIndex=0]层,1,0,[colorindex:colorIndex=2]{}[colorindex:colorIndex=0]公会推进到第[colorindex:colorIndex=2]{}[colorindex:colorIndex=0]层，给全服玩家发[colorindex:colorIndex=2]{}[colorindex:colorIndex=0]个红包,1,1,50,8888
8,你击败了第[colorindex:colorIndex=2]{}[colorindex:colorIndex=0]层精灵获得大量基础资源,你被第[colorindex:colorIndex=2]{}[colorindex:colorIndex=0]层精灵击败,[colorindex:colorIndex=2]{}[colorindex:colorIndex=0]公会推进到第[colorindex:colorIndex=2]{}[colorindex:colorIndex=0]层,1,0,[colorindex:colorIndex=2]{}[colorindex:colorIndex=0]公会推进到第[colorindex:colorIndex=2]{}[colorindex:colorIndex=0]层，给全服玩家发[colorindex:colorIndex=2]{}[colorindex:colorIndex=0]个红包,1,1,50,8888
9,你击败了第[colorindex:colorIndex=2]{}[colorindex:colorIndex=0]层精灵获得大量基础资源,你被第[colorindex:colorIndex=2]{}[colorindex:colorIndex=0]层精灵击败,[colorindex:colorIndex=2]{}[colorindex:colorIndex=0]公会推进到第[colorindex:colorIndex=2]{}[colorindex:colorIndex=0]层,1,0,[colorindex:colorIndex=2]{}[colorindex:colorIndex=0]公会推进到第[colorindex:colorIndex=2]{}[colorindex:colorIndex=0]层，给全服玩家发[colorindex:colorIndex=2]{}[colorindex:colorIndex=0]个红包,1,1,50,8888
10,你击败了第[colorindex:colorIndex=2]{}[colorindex:colorIndex=0]层精灵获得大量基础资源,你被第[colorindex:colorIndex=2]{}[colorindex:colorIndex=0]层精灵击败,[colorindex:colorIndex=2]{}[colorindex:colorIndex=0]公会推进到第[colorindex:colorIndex=2]{}[colorindex:colorIndex=0]层,0,1,[colorindex:colorIndex=2]{}[colorindex:colorIndex=0]公会推进到第[colorindex:colorIndex=2]{}[colorindex:colorIndex=0]层，给全服玩家发[colorindex:colorIndex=2]{}[colorindex:colorIndex=0]个红包,1,1,50,8888
11,你击败了第[colorindex:colorIndex=2]{}[colorindex:colorIndex=0]层精灵获得大量基础资源,你被第[colorindex:colorIndex=2]{}[colorindex:colorIndex=0]层精灵击败,[colorindex:colorIndex=2]{}[colorindex:colorIndex=0]公会推进到第[colorindex:colorIndex=2]{}[colorindex:colorIndex=0]层,1,0,[colorindex:colorIndex=2]{}[colorindex:colorIndex=0]公会推进到第[colorindex:colorIndex=2]{}[colorindex:colorIndex=0]层，给全服玩家发[colorindex:colorIndex=2]{}[colorindex:colorIndex=0]个红包,1,1,50,8888
12,你击败了第[colorindex:colorIndex=2]{}[colorindex:colorIndex=0]层精灵获得大量基础资源,你被第[colorindex:colorIndex=2]{}[colorindex:colorIndex=0]层精灵击败,[colorindex:colorIndex=2]{}[colorindex:colorIndex=0]公会推进到第[colorindex:colorIndex=2]{}[colorindex:colorIndex=0]层,1,0,[colorindex:colorIndex=2]{}[colorindex:colorIndex=0]公会推进到第[colorindex:colorIndex=2]{}[colorindex:colorIndex=0]层，给全服玩家发[colorindex:colorIndex=2]{}[colorindex:colorIndex=0]个红包,1,1,50,8888
13,你击败了第[colorindex:colorIndex=2]{}[colorindex:colorIndex=0]层精灵获得大量基础资源,你被第[colorindex:colorIndex=2]{}[colorindex:colorIndex=0]层精灵击败,[colorindex:colorIndex=2]{}[colorindex:colorIndex=0]公会推进到第[colorindex:colorIndex=2]{}[colorindex:colorIndex=0]层,1,0,[colorindex:colorIndex=2]{}[colorindex:colorIndex=0]公会推进到第[colorindex:colorIndex=2]{}[colorindex:colorIndex=0]层，给全服玩家发[colorindex:colorIndex=2]{}[colorindex:colorIndex=0]个红包,1,1,50,8888
14,你击败了第[colorindex:colorIndex=2]{}[colorindex:colorIndex=0]层精灵获得大量基础资源,你被第[colorindex:colorIndex=2]{}[colorindex:colorIndex=0]层精灵击败,[colorindex:colorIndex=2]{}[colorindex:colorIndex=0]公会推进到第[colorindex:colorIndex=2]{}[colorindex:colorIndex=0]层,1,0,[colorindex:colorIndex=2]{}[colorindex:colorIndex=0]公会推进到第[colorindex:colorIndex=2]{}[colorindex:colorIndex=0]层，给全服玩家发[colorindex:colorIndex=2]{}[colorindex:colorIndex=0]个红包,1,1,50,8888
15,你击败了第[colorindex:colorIndex=2]{}[colorindex:colorIndex=0]层精灵获得大量基础资源,你被第[colorindex:colorIndex=2]{}[colorindex:colorIndex=0]层精灵击败,[colorindex:colorIndex=2]{}[colorindex:colorIndex=0]公会推进到第[colorindex:colorIndex=2]{}[colorindex:colorIndex=0]层,0,1,[colorindex:colorIndex=2]{}[colorindex:colorIndex=0]公会推进到第[colorindex:colorIndex=2]{}[colorindex:colorIndex=0]层，给全服玩家发[colorindex:colorIndex=2]{}[colorindex:colorIndex=0]个红包,1,1,50,8888
16,你击败了第[colorindex:colorIndex=2]{}[colorindex:colorIndex=0]层精灵获得大量基础资源,你被第[colorindex:colorIndex=2]{}[colorindex:colorIndex=0]层精灵击败,[colorindex:colorIndex=2]{}[colorindex:colorIndex=0]公会推进到第[colorindex:colorIndex=2]{}[colorindex:colorIndex=0]层,1,0,[colorindex:colorIndex=2]{}[colorindex:colorIndex=0]公会推进到第[colorindex:colorIndex=2]{}[colorindex:colorIndex=0]层，给全服玩家发[colorindex:colorIndex=2]{}[colorindex:colorIndex=0]个红包,1,1,50,8888
17,你击败了第[colorindex:colorIndex=2]{}[colorindex:colorIndex=0]层精灵获得大量基础资源,你被第[colorindex:colorIndex=2]{}[colorindex:colorIndex=0]层精灵击败,[colorindex:colorIndex=2]{}[colorindex:colorIndex=0]公会推进到第[colorindex:colorIndex=2]{}[colorindex:colorIndex=0]层,1,0,[colorindex:colorIndex=2]{}[colorindex:colorIndex=0]公会推进到第[colorindex:colorIndex=2]{}[colorindex:colorIndex=0]层，给全服玩家发[colorindex:colorIndex=2]{}[colorindex:colorIndex=0]个红包,1,1,50,8888
18,你击败了第[colorindex:colorIndex=2]{}[colorindex:colorIndex=0]层精灵获得大量基础资源,你被第[colorindex:colorIndex=2]{}[colorindex:colorIndex=0]层精灵击败,[colorindex:colorIndex=2]{}[colorindex:colorIndex=0]公会推进到第[colorindex:colorIndex=2]{}[colorindex:colorIndex=0]层,1,0,[colorindex:colorIndex=2]{}[colorindex:colorIndex=0]公会推进到第[colorindex:colorIndex=2]{}[colorindex:colorIndex=0]层，给全服玩家发[colorindex:colorIndex=2]{}[colorindex:colorIndex=0]个红包,1,1,50,8888
19,你击败了第[colorindex:colorIndex=2]{}[colorindex:colorIndex=0]层精灵获得大量基础资源,你被第[colorindex:colorIndex=2]{}[colorindex:colorIndex=0]层精灵击败,[colorindex:colorIndex=2]{}[colorindex:colorIndex=0]公会推进到第[colorindex:colorIndex=2]{}[colorindex:colorIndex=0]层,1,0,[colorindex:colorIndex=2]{}[colorindex:colorIndex=0]公会推进到第[colorindex:colorIndex=2]{}[colorindex:colorIndex=0]层，给全服玩家发[colorindex:colorIndex=2]{}[colorindex:colorIndex=0]个红包,1,1,50,8888
20,你击败了第[colorindex:colorIndex=2]{}[colorindex:colorIndex=0]层精灵获得大量基础资源,你被第[colorindex:colorIndex=2]{}[colorindex:colorIndex=0]层精灵击败,[colorindex:colorIndex=2]{}[colorindex:colorIndex=0]公会推进到第[colorindex:colorIndex=2]{}[colorindex:colorIndex=0]层,0,1,[colorindex:colorIndex=2]{}[colorindex:colorIndex=0]公会推进到第[colorindex:colorIndex=2]{}[colorindex:colorIndex=0]层，给全服玩家发[colorindex:colorIndex=2]{}[colorindex:colorIndex=0]个红包,1,1,50,8888
21,你击败了第[colorindex:colorIndex=2]{}[colorindex:colorIndex=0]层精灵获得大量基础资源,你被第[colorindex:colorIndex=2]{}[colorindex:colorIndex=0]层精灵击败,[colorindex:colorIndex=2]{}[colorindex:colorIndex=0]公会推进到第[colorindex:colorIndex=2]{}[colorindex:colorIndex=0]层,1,0,[colorindex:colorIndex=2]{}[colorindex:colorIndex=0]公会推进到第[colorindex:colorIndex=2]{}[colorindex:colorIndex=0]层，给全服玩家发[colorindex:colorIndex=2]{}[colorindex:colorIndex=0]个红包,1,1,50,8888
22,你击败了第[colorindex:colorIndex=2]{}[colorindex:colorIndex=0]层精灵获得大量基础资源,你被第[colorindex:colorIndex=2]{}[colorindex:colorIndex=0]层精灵击败,[colorindex:colorIndex=2]{}[colorindex:colorIndex=0]公会推进到第[colorindex:colorIndex=2]{}[colorindex:colorIndex=0]层,1,0,[colorindex:colorIndex=2]{}[colorindex:colorIndex=0]公会推进到第[colorindex:colorIndex=2]{}[colorindex:colorIndex=0]层，给全服玩家发[colorindex:colorIndex=2]{}[colorindex:colorIndex=0]个红包,1,1,50,8888
23,你击败了第[colorindex:colorIndex=2]{}[colorindex:colorIndex=0]层精灵获得大量基础资源,你被第[colorindex:colorIndex=2]{}[colorindex:colorIndex=0]层精灵击败,[colorindex:colorIndex=2]{}[colorindex:colorIndex=0]公会推进到第[colorindex:colorIndex=2]{}[colorindex:colorIndex=0]层,1,0,[colorindex:colorIndex=2]{}[colorindex:colorIndex=0]公会推进到第[colorindex:colorIndex=2]{}[colorindex:colorIndex=0]层，给全服玩家发[colorindex:colorIndex=2]{}[colorindex:colorIndex=0]个红包,1,1,50,8888
24,你击败了第[colorindex:colorIndex=2]{}[colorindex:colorIndex=0]层精灵获得大量基础资源,你被第[colorindex:colorIndex=2]{}[colorindex:colorIndex=0]层精灵击败,[colorindex:colorIndex=2]{}[colorindex:colorIndex=0]公会推进到第[colorindex:colorIndex=2]{}[colorindex:colorIndex=0]层,1,0,[colorindex:colorIndex=2]{}[colorindex:colorIndex=0]公会推进到第[colorindex:colorIndex=2]{}[colorindex:colorIndex=0]层，给全服玩家发[colorindex:colorIndex=2]{}[colorindex:colorIndex=0]个红包,1,1,50,8888
25,你击败了第[colorindex:colorIndex=2]{}[colorindex:colorIndex=0]层精灵获得大量基础资源,你被第[colorindex:colorIndex=2]{}[colorindex:colorIndex=0]层精灵击败,[colorindex:colorIndex=2]{}[colorindex:colorIndex=0]公会推进到第[colorindex:colorIndex=2]{}[colorindex:colorIndex=0]层,0,1,[colorindex:colorIndex=2]{}[colorindex:colorIndex=0]公会推进到第[colorindex:colorIndex=2]{}[colorindex:colorIndex=0]层，给全服玩家发[colorindex:colorIndex=2]{}[colorindex:colorIndex=0]个红包,1,1,50,8888
26,你击败了第[colorindex:colorIndex=2]{}[colorindex:colorIndex=0]层精灵获得大量基础资源,你被第[colorindex:colorIndex=2]{}[colorindex:colorIndex=0]层精灵击败,[colorindex:colorIndex=2]{}[colorindex:colorIndex=0]公会推进到第[colorindex:colorIndex=2]{}[colorindex:colorIndex=0]层,1,0,[colorindex:colorIndex=2]{}[colorindex:colorIndex=0]公会推进到第[colorindex:colorIndex=2]{}[colorindex:colorIndex=0]层，给全服玩家发[colorindex:colorIndex=2]{}[colorindex:colorIndex=0]个红包,1,1,50,8888
27,你击败了第[colorindex:colorIndex=2]{}[colorindex:colorIndex=0]层精灵获得大量基础资源,你被第[colorindex:colorIndex=2]{}[colorindex:colorIndex=0]层精灵击败,[colorindex:colorIndex=2]{}[colorindex:colorIndex=0]公会推进到第[colorindex:colorIndex=2]{}[colorindex:colorIndex=0]层,1,0,[colorindex:colorIndex=2]{}[colorindex:colorIndex=0]公会推进到第[colorindex:colorIndex=2]{}[colorindex:colorIndex=0]层，给全服玩家发[colorindex:colorIndex=2]{}[colorindex:colorIndex=0]个红包,1,1,50,8888
28,你击败了第[colorindex:colorIndex=2]{}[colorindex:colorIndex=0]层精灵获得大量基础资源,你被第[colorindex:colorIndex=2]{}[colorindex:colorIndex=0]层精灵击败,[colorindex:colorIndex=2]{}[colorindex:colorIndex=0]公会推进到第[colorindex:colorIndex=2]{}[colorindex:colorIndex=0]层,1,0,[colorindex:colorIndex=2]{}[colorindex:colorIndex=0]公会推进到第[colorindex:colorIndex=2]{}[colorindex:colorIndex=0]层，给全服玩家发[colorindex:colorIndex=2]{}[colorindex:colorIndex=0]个红包,1,1,50,8888
29,你击败了第[colorindex:colorIndex=2]{}[colorindex:colorIndex=0]层精灵获得大量基础资源,你被第[colorindex:colorIndex=2]{}[colorindex:colorIndex=0]层精灵击败,[colorindex:colorIndex=2]{}[colorindex:colorIndex=0]公会推进到第[colorindex:colorIndex=2]{}[colorindex:colorIndex=0]层,1,0,[colorindex:colorIndex=2]{}[colorindex:colorIndex=0]公会推进到第[colorindex:colorIndex=2]{}[colorindex:colorIndex=0]层，给全服玩家发[colorindex:colorIndex=2]{}[colorindex:colorIndex=0]个红包,1,1,50,8888
30,你击败了第[colorindex:colorIndex=2]{}[colorindex:colorIndex=0]层精灵获得大量基础资源,你被第[colorindex:colorIndex=2]{}[colorindex:colorIndex=0]层精灵击败,[colorindex:colorIndex=2]{}[colorindex:colorIndex=0]公会推进到第[colorindex:colorIndex=2]{}[colorindex:colorIndex=0]层,0,0,[colorindex:colorIndex=2]{}[colorindex:colorIndex=0]公会推进到第[colorindex:colorIndex=2]{}[colorindex:colorIndex=0]层，给全服玩家发[colorindex:colorIndex=2]{}[colorindex:colorIndex=0]个红包,1,1,50,8888
31,你击败了第[colorindex:colorIndex=2]{}[colorindex:colorIndex=0]层精灵获得大量基础资源,你被第[colorindex:colorIndex=2]{}[colorindex:colorIndex=0]层精灵击败,[colorindex:colorIndex=2]{}[colorindex:colorIndex=0]公会推进到第[colorindex:colorIndex=2]{}[colorindex:colorIndex=0]层,1,0,[colorindex:colorIndex=2]{}[colorindex:colorIndex=0]公会推进到第[colorindex:colorIndex=2]{}[colorindex:colorIndex=0]层，给全服玩家发[colorindex:colorIndex=2]{}[colorindex:colorIndex=0]个红包,1,1,50,8888
32,你击败了第[colorindex:colorIndex=2]{}[colorindex:colorIndex=0]层精灵获得大量基础资源,你被第[colorindex:colorIndex=2]{}[colorindex:colorIndex=0]层精灵击败,[colorindex:colorIndex=2]{}[colorindex:colorIndex=0]公会推进到第[colorindex:colorIndex=2]{}[colorindex:colorIndex=0]层,1,0,[colorindex:colorIndex=2]{}[colorindex:colorIndex=0]公会推进到第[colorindex:colorIndex=2]{}[colorindex:colorIndex=0]层，给全服玩家发[colorindex:colorIndex=2]{}[colorindex:colorIndex=0]个红包,1,1,50,8888
33,你击败了第[colorindex:colorIndex=2]{}[colorindex:colorIndex=0]层精灵获得大量基础资源,你被第[colorindex:colorIndex=2]{}[colorindex:colorIndex=0]层精灵击败,[colorindex:colorIndex=2]{}[colorindex:colorIndex=0]公会推进到第[colorindex:colorIndex=2]{}[colorindex:colorIndex=0]层,1,0,[colorindex:colorIndex=2]{}[colorindex:colorIndex=0]公会推进到第[colorindex:colorIndex=2]{}[colorindex:colorIndex=0]层，给全服玩家发[colorindex:colorIndex=2]{}[colorindex:colorIndex=0]个红包,1,1,50,8888
34,你击败了第[colorindex:colorIndex=2]{}[colorindex:colorIndex=0]层精灵获得大量基础资源,你被第[colorindex:colorIndex=2]{}[colorindex:colorIndex=0]层精灵击败,[colorindex:colorIndex=2]{}[colorindex:colorIndex=0]公会推进到第[colorindex:colorIndex=2]{}[colorindex:colorIndex=0]层,1,0,[colorindex:colorIndex=2]{}[colorindex:colorIndex=0]公会推进到第[colorindex:colorIndex=2]{}[colorindex:colorIndex=0]层，给全服玩家发[colorindex:colorIndex=2]{}[colorindex:colorIndex=0]个红包,1,1,50,8888
35,你击败了第[colorindex:colorIndex=2]{}[colorindex:colorIndex=0]层精灵获得大量基础资源,你被第[colorindex:colorIndex=2]{}[colorindex:colorIndex=0]层精灵击败,[colorindex:colorIndex=2]{}[colorindex:colorIndex=0]公会推进到第[colorindex:colorIndex=2]{}[colorindex:colorIndex=0]层,0,0,[colorindex:colorIndex=2]{}[colorindex:colorIndex=0]公会推进到第[colorindex:colorIndex=2]{}[colorindex:colorIndex=0]层，给全服玩家发[colorindex:colorIndex=2]{}[colorindex:colorIndex=0]个红包,1,1,50,8888
36,你击败了第[colorindex:colorIndex=2]{}[colorindex:colorIndex=0]层精灵获得大量基础资源,你被第[colorindex:colorIndex=2]{}[colorindex:colorIndex=0]层精灵击败,[colorindex:colorIndex=2]{}[colorindex:colorIndex=0]公会推进到第[colorindex:colorIndex=2]{}[colorindex:colorIndex=0]层,1,0,[colorindex:colorIndex=2]{}[colorindex:colorIndex=0]公会推进到第[colorindex:colorIndex=2]{}[colorindex:colorIndex=0]层，给全服玩家发[colorindex:colorIndex=2]{}[colorindex:colorIndex=0]个红包,1,1,50,8888
37,你击败了第[colorindex:colorIndex=2]{}[colorindex:colorIndex=0]层精灵获得大量基础资源,你被第[colorindex:colorIndex=2]{}[colorindex:colorIndex=0]层精灵击败,[colorindex:colorIndex=2]{}[colorindex:colorIndex=0]公会推进到第[colorindex:colorIndex=2]{}[colorindex:colorIndex=0]层,1,0,[colorindex:colorIndex=2]{}[colorindex:colorIndex=0]公会推进到第[colorindex:colorIndex=2]{}[colorindex:colorIndex=0]层，给全服玩家发[colorindex:colorIndex=2]{}[colorindex:colorIndex=0]个红包,1,1,50,8888
38,你击败了第[colorindex:colorIndex=2]{}[colorindex:colorIndex=0]层精灵获得大量基础资源,你被第[colorindex:colorIndex=2]{}[colorindex:colorIndex=0]层精灵击败,[colorindex:colorIndex=2]{}[colorindex:colorIndex=0]公会推进到第[colorindex:colorIndex=2]{}[colorindex:colorIndex=0]层,1,0,[colorindex:colorIndex=2]{}[colorindex:colorIndex=0]公会推进到第[colorindex:colorIndex=2]{}[colorindex:colorIndex=0]层，给全服玩家发[colorindex:colorIndex=2]{}[colorindex:colorIndex=0]个红包,1,1,50,8888
39,你击败了第[colorindex:colorIndex=2]{}[colorindex:colorIndex=0]层精灵获得大量基础资源,你被第[colorindex:colorIndex=2]{}[colorindex:colorIndex=0]层精灵击败,[colorindex:colorIndex=2]{}[colorindex:colorIndex=0]公会推进到第[colorindex:colorIndex=2]{}[colorindex:colorIndex=0]层,1,0,[colorindex:colorIndex=2]{}[colorindex:colorIndex=0]公会推进到第[colorindex:colorIndex=2]{}[colorindex:colorIndex=0]层，给全服玩家发[colorindex:colorIndex=2]{}[colorindex:colorIndex=0]个红包,1,1,50,8888
40,你击败了第[colorindex:colorIndex=2]{}[colorindex:colorIndex=0]层精灵获得大量基础资源,你被第[colorindex:colorIndex=2]{}[colorindex:colorIndex=0]层精灵击败,[colorindex:colorIndex=2]{}[colorindex:colorIndex=0]公会推进到第[colorindex:colorIndex=2]{}[colorindex:colorIndex=0]层,0,0,[colorindex:colorIndex=2]{}[colorindex:colorIndex=0]公会推进到第[colorindex:colorIndex=2]{}[colorindex:colorIndex=0]层，给全服玩家发[colorindex:colorIndex=2]{}[colorindex:colorIndex=0]个红包,1,1,50,8888
41,你击败了第[colorindex:colorIndex=2]{}[colorindex:colorIndex=0]层精灵获得大量基础资源,你被第[colorindex:colorIndex=2]{}[colorindex:colorIndex=0]层精灵击败,[colorindex:colorIndex=2]{}[colorindex:colorIndex=0]公会推进到第[colorindex:colorIndex=2]{}[colorindex:colorIndex=0]层,1,0,[colorindex:colorIndex=2]{}[colorindex:colorIndex=0]公会推进到第[colorindex:colorIndex=2]{}[colorindex:colorIndex=0]层，给全服玩家发[colorindex:colorIndex=2]{}[colorindex:colorIndex=0]个红包,1,1,50,8888
42,你击败了第[colorindex:colorIndex=2]{}[colorindex:colorIndex=0]层精灵获得大量基础资源,你被第[colorindex:colorIndex=2]{}[colorindex:colorIndex=0]层精灵击败,[colorindex:colorIndex=2]{}[colorindex:colorIndex=0]公会推进到第[colorindex:colorIndex=2]{}[colorindex:colorIndex=0]层,1,0,[colorindex:colorIndex=2]{}[colorindex:colorIndex=0]公会推进到第[colorindex:colorIndex=2]{}[colorindex:colorIndex=0]层，给全服玩家发[colorindex:colorIndex=2]{}[colorindex:colorIndex=0]个红包,1,1,50,8888
43,你击败了第[colorindex:colorIndex=2]{}[colorindex:colorIndex=0]层精灵获得大量基础资源,你被第[colorindex:colorIndex=2]{}[colorindex:colorIndex=0]层精灵击败,[colorindex:colorIndex=2]{}[colorindex:colorIndex=0]公会推进到第[colorindex:colorIndex=2]{}[colorindex:colorIndex=0]层,1,0,[colorindex:colorIndex=2]{}[colorindex:colorIndex=0]公会推进到第[colorindex:colorIndex=2]{}[colorindex:colorIndex=0]层，给全服玩家发[colorindex:colorIndex=2]{}[colorindex:colorIndex=0]个红包,1,1,50,8888
44,你击败了第[colorindex:colorIndex=2]{}[colorindex:colorIndex=0]层精灵获得大量基础资源,你被第[colorindex:colorIndex=2]{}[colorindex:colorIndex=0]层精灵击败,[colorindex:colorIndex=2]{}[colorindex:colorIndex=0]公会推进到第[colorindex:colorIndex=2]{}[colorindex:colorIndex=0]层,1,0,[colorindex:colorIndex=2]{}[colorindex:colorIndex=0]公会推进到第[colorindex:colorIndex=2]{}[colorindex:colorIndex=0]层，给全服玩家发[colorindex:colorIndex=2]{}[colorindex:colorIndex=0]个红包,1,1,50,8888
45,你击败了第[colorindex:colorIndex=2]{}[colorindex:colorIndex=0]层精灵获得大量基础资源,你被第[colorindex:colorIndex=2]{}[colorindex:colorIndex=0]层精灵击败,[colorindex:colorIndex=2]{}[colorindex:colorIndex=0]公会推进到第[colorindex:colorIndex=2]{}[colorindex:colorIndex=0]层,0,0,[colorindex:colorIndex=2]{}[colorindex:colorIndex=0]公会推进到第[colorindex:colorIndex=2]{}[colorindex:colorIndex=0]层，给全服玩家发[colorindex:colorIndex=2]{}[colorindex:colorIndex=0]个红包,1,1,50,8888
46,你击败了第[colorindex:colorIndex=2]{}[colorindex:colorIndex=0]层精灵获得大量基础资源,你被第[colorindex:colorIndex=2]{}[colorindex:colorIndex=0]层精灵击败,[colorindex:colorIndex=2]{}[colorindex:colorIndex=0]公会推进到第[colorindex:colorIndex=2]{}[colorindex:colorIndex=0]层,1,0,[colorindex:colorIndex=2]{}[colorindex:colorIndex=0]公会推进到第[colorindex:colorIndex=2]{}[colorindex:colorIndex=0]层，给全服玩家发[colorindex:colorIndex=2]{}[colorindex:colorIndex=0]个红包,1,1,50,8888
47,你击败了第[colorindex:colorIndex=2]{}[colorindex:colorIndex=0]层精灵获得大量基础资源,你被第[colorindex:colorIndex=2]{}[colorindex:colorIndex=0]层精灵击败,[colorindex:colorIndex=2]{}[colorindex:colorIndex=0]公会推进到第[colorindex:colorIndex=2]{}[colorindex:colorIndex=0]层,1,0,[colorindex:colorIndex=2]{}[colorindex:colorIndex=0]公会推进到第[colorindex:colorIndex=2]{}[colorindex:colorIndex=0]层，给全服玩家发[colorindex:colorIndex=2]{}[colorindex:colorIndex=0]个红包,1,1,50,8888
48,你击败了第[colorindex:colorIndex=2]{}[colorindex:colorIndex=0]层精灵获得大量基础资源,你被第[colorindex:colorIndex=2]{}[colorindex:colorIndex=0]层精灵击败,[colorindex:colorIndex=2]{}[colorindex:colorIndex=0]公会推进到第[colorindex:colorIndex=2]{}[colorindex:colorIndex=0]层,1,0,[colorindex:colorIndex=2]{}[colorindex:colorIndex=0]公会推进到第[colorindex:colorIndex=2]{}[colorindex:colorIndex=0]层，给全服玩家发[colorindex:colorIndex=2]{}[colorindex:colorIndex=0]个红包,1,1,50,8888
49,你击败了第[colorindex:colorIndex=2]{}[colorindex:colorIndex=0]层精灵获得大量基础资源,你被第[colorindex:colorIndex=2]{}[colorindex:colorIndex=0]层精灵击败,[colorindex:colorIndex=2]{}[colorindex:colorIndex=0]公会推进到第[colorindex:colorIndex=2]{}[colorindex:colorIndex=0]层,1,0,[colorindex:colorIndex=2]{}[colorindex:colorIndex=0]公会推进到第[colorindex:colorIndex=2]{}[colorindex:colorIndex=0]层，给全服玩家发[colorindex:colorIndex=2]{}[colorindex:colorIndex=0]个红包,1,1,50,8888
50,你击败了第[colorindex:colorIndex=2]{}[colorindex:colorIndex=0]层精灵获得大量基础资源,你被第[colorindex:colorIndex=2]{}[colorindex:colorIndex=0]层精灵击败,[colorindex:colorIndex=2]{}[colorindex:colorIndex=0]公会推进到第[colorindex:colorIndex=2]{}[colorindex:colorIndex=0]层,0,0,[colorindex:colorIndex=2]{}[colorindex:colorIndex=0]公会推进到第[colorindex:colorIndex=2]{}[colorindex:colorIndex=0]层，给全服玩家发[colorindex:colorIndex=2]{}[colorindex:colorIndex=0]个红包,1,1,50,8888
51,你击败了第[colorindex:colorIndex=2]{}[colorindex:colorIndex=0]层精灵获得大量基础资源,你被第[colorindex:colorIndex=2]{}[colorindex:colorIndex=0]层精灵击败,[colorindex:colorIndex=2]{}[colorindex:colorIndex=0]公会推进到第[colorindex:colorIndex=2]{}[colorindex:colorIndex=0]层,1,0,[colorindex:colorIndex=2]{}[colorindex:colorIndex=0]公会推进到第[colorindex:colorIndex=2]{}[colorindex:colorIndex=0]层，给全服玩家发[colorindex:colorIndex=2]{}[colorindex:colorIndex=0]个红包,1,1,50,8888
52,你击败了第[colorindex:colorIndex=2]{}[colorindex:colorIndex=0]层精灵获得大量基础资源,你被第[colorindex:colorIndex=2]{}[colorindex:colorIndex=0]层精灵击败,[colorindex:colorIndex=2]{}[colorindex:colorIndex=0]公会推进到第[colorindex:colorIndex=2]{}[colorindex:colorIndex=0]层,1,0,[colorindex:colorIndex=2]{}[colorindex:colorIndex=0]公会推进到第[colorindex:colorIndex=2]{}[colorindex:colorIndex=0]层，给全服玩家发[colorindex:colorIndex=2]{}[colorindex:colorIndex=0]个红包,1,1,50,8888
53,你击败了第[colorindex:colorIndex=2]{}[colorindex:colorIndex=0]层精灵获得大量基础资源,你被第[colorindex:colorIndex=2]{}[colorindex:colorIndex=0]层精灵击败,[colorindex:colorIndex=2]{}[colorindex:colorIndex=0]公会推进到第[colorindex:colorIndex=2]{}[colorindex:colorIndex=0]层,1,0,[colorindex:colorIndex=2]{}[colorindex:colorIndex=0]公会推进到第[colorindex:colorIndex=2]{}[colorindex:colorIndex=0]层，给全服玩家发[colorindex:colorIndex=2]{}[colorindex:colorIndex=0]个红包,1,1,50,8888
54,你击败了第[colorindex:colorIndex=2]{}[colorindex:colorIndex=0]层精灵获得大量基础资源,你被第[colorindex:colorIndex=2]{}[colorindex:colorIndex=0]层精灵击败,[colorindex:colorIndex=2]{}[colorindex:colorIndex=0]公会推进到第[colorindex:colorIndex=2]{}[colorindex:colorIndex=0]层,1,0,[colorindex:colorIndex=2]{}[colorindex:colorIndex=0]公会推进到第[colorindex:colorIndex=2]{}[colorindex:colorIndex=0]层，给全服玩家发[colorindex:colorIndex=2]{}[colorindex:colorIndex=0]个红包,1,1,50,8888
55,你击败了第[colorindex:colorIndex=2]{}[colorindex:colorIndex=0]层精灵获得大量基础资源,你被第[colorindex:colorIndex=2]{}[colorindex:colorIndex=0]层精灵击败,[colorindex:colorIndex=2]{}[colorindex:colorIndex=0]公会推进到第[colorindex:colorIndex=2]{}[colorindex:colorIndex=0]层,0,0,[colorindex:colorIndex=2]{}[colorindex:colorIndex=0]公会推进到第[colorindex:colorIndex=2]{}[colorindex:colorIndex=0]层，给全服玩家发[colorindex:colorIndex=2]{}[colorindex:colorIndex=0]个红包,1,1,50,8888
56,你击败了第[colorindex:colorIndex=2]{}[colorindex:colorIndex=0]层精灵获得大量基础资源,你被第[colorindex:colorIndex=2]{}[colorindex:colorIndex=0]层精灵击败,[colorindex:colorIndex=2]{}[colorindex:colorIndex=0]公会推进到第[colorindex:colorIndex=2]{}[colorindex:colorIndex=0]层,1,0,[colorindex:colorIndex=2]{}[colorindex:colorIndex=0]公会推进到第[colorindex:colorIndex=2]{}[colorindex:colorIndex=0]层，给全服玩家发[colorindex:colorIndex=2]{}[colorindex:colorIndex=0]个红包,1,1,50,8888
57,你击败了第[colorindex:colorIndex=2]{}[colorindex:colorIndex=0]层精灵获得大量基础资源,你被第[colorindex:colorIndex=2]{}[colorindex:colorIndex=0]层精灵击败,[colorindex:colorIndex=2]{}[colorindex:colorIndex=0]公会推进到第[colorindex:colorIndex=2]{}[colorindex:colorIndex=0]层,1,0,[colorindex:colorIndex=2]{}[colorindex:colorIndex=0]公会推进到第[colorindex:colorIndex=2]{}[colorindex:colorIndex=0]层，给全服玩家发[colorindex:colorIndex=2]{}[colorindex:colorIndex=0]个红包,1,1,50,8888
58,你击败了第[colorindex:colorIndex=2]{}[colorindex:colorIndex=0]层精灵获得大量基础资源,你被第[colorindex:colorIndex=2]{}[colorindex:colorIndex=0]层精灵击败,[colorindex:colorIndex=2]{}[colorindex:colorIndex=0]公会推进到第[colorindex:colorIndex=2]{}[colorindex:colorIndex=0]层,1,0,[colorindex:colorIndex=2]{}[colorindex:colorIndex=0]公会推进到第[colorindex:colorIndex=2]{}[colorindex:colorIndex=0]层，给全服玩家发[colorindex:colorIndex=2]{}[colorindex:colorIndex=0]个红包,1,1,50,8888
59,你击败了第[colorindex:colorIndex=2]{}[colorindex:colorIndex=0]层精灵获得大量基础资源,你被第[colorindex:colorIndex=2]{}[colorindex:colorIndex=0]层精灵击败,[colorindex:colorIndex=2]{}[colorindex:colorIndex=0]公会推进到第[colorindex:colorIndex=2]{}[colorindex:colorIndex=0]层,1,0,[colorindex:colorIndex=2]{}[colorindex:colorIndex=0]公会推进到第[colorindex:colorIndex=2]{}[colorindex:colorIndex=0]层，给全服玩家发[colorindex:colorIndex=2]{}[colorindex:colorIndex=0]个红包,1,1,50,8888
60,你击败了第[colorindex:colorIndex=2]{}[colorindex:colorIndex=0]层精灵获得大量基础资源,你被第[colorindex:colorIndex=2]{}[colorindex:colorIndex=0]层精灵击败,[colorindex:colorIndex=2]{}[colorindex:colorIndex=0]公会推进到第[colorindex:colorIndex=2]{}[colorindex:colorIndex=0]层,0,0,[colorindex:colorIndex=2]{}[colorindex:colorIndex=0]公会推进到第[colorindex:colorIndex=2]{}[colorindex:colorIndex=0]层，给全服玩家发[colorindex:colorIndex=2]{}[colorindex:colorIndex=0]个红包,1,1,50,8888
61,你击败了第[colorindex:colorIndex=2]{}[colorindex:colorIndex=0]层精灵获得大量基础资源,你被第[colorindex:colorIndex=2]{}[colorindex:colorIndex=0]层精灵击败,[colorindex:colorIndex=2]{}[colorindex:colorIndex=0]公会推进到第[colorindex:colorIndex=2]{}[colorindex:colorIndex=0]层,1,0,[colorindex:colorIndex=2]{}[colorindex:colorIndex=0]公会推进到第[colorindex:colorIndex=2]{}[colorindex:colorIndex=0]层，给全服玩家发[colorindex:colorIndex=2]{}[colorindex:colorIndex=0]个红包,1,1,50,8888
62,你击败了第[colorindex:colorIndex=2]{}[colorindex:colorIndex=0]层精灵获得大量基础资源,你被第[colorindex:colorIndex=2]{}[colorindex:colorIndex=0]层精灵击败,[colorindex:colorIndex=2]{}[colorindex:colorIndex=0]公会推进到第[colorindex:colorIndex=2]{}[colorindex:colorIndex=0]层,1,0,[colorindex:colorIndex=2]{}[colorindex:colorIndex=0]公会推进到第[colorindex:colorIndex=2]{}[colorindex:colorIndex=0]层，给全服玩家发[colorindex:colorIndex=2]{}[colorindex:colorIndex=0]个红包,1,1,50,8888
63,你击败了第[colorindex:colorIndex=2]{}[colorindex:colorIndex=0]层精灵获得大量基础资源,你被第[colorindex:colorIndex=2]{}[colorindex:colorIndex=0]层精灵击败,[colorindex:colorIndex=2]{}[colorindex:colorIndex=0]公会推进到第[colorindex:colorIndex=2]{}[colorindex:colorIndex=0]层,1,0,[colorindex:colorIndex=2]{}[colorindex:colorIndex=0]公会推进到第[colorindex:colorIndex=2]{}[colorindex:colorIndex=0]层，给全服玩家发[colorindex:colorIndex=2]{}[colorindex:colorIndex=0]个红包,1,1,50,8888
64,你击败了第[colorindex:colorIndex=2]{}[colorindex:colorIndex=0]层精灵获得大量基础资源,你被第[colorindex:colorIndex=2]{}[colorindex:colorIndex=0]层精灵击败,[colorindex:colorIndex=2]{}[colorindex:colorIndex=0]公会推进到第[colorindex:colorIndex=2]{}[colorindex:colorIndex=0]层,1,0,[colorindex:colorIndex=2]{}[colorindex:colorIndex=0]公会推进到第[colorindex:colorIndex=2]{}[colorindex:colorIndex=0]层，给全服玩家发[colorindex:colorIndex=2]{}[colorindex:colorIndex=0]个红包,1,1,50,8888
65,你击败了第[colorindex:colorIndex=2]{}[colorindex:colorIndex=0]层精灵获得大量基础资源,你被第[colorindex:colorIndex=2]{}[colorindex:colorIndex=0]层精灵击败,[colorindex:colorIndex=2]{}[colorindex:colorIndex=0]公会推进到第[colorindex:colorIndex=2]{}[colorindex:colorIndex=0]层,0,0,[colorindex:colorIndex=2]{}[colorindex:colorIndex=0]公会推进到第[colorindex:colorIndex=2]{}[colorindex:colorIndex=0]层，给全服玩家发[colorindex:colorIndex=2]{}[colorindex:colorIndex=0]个红包,1,1,50,8888
66,你击败了第[colorindex:colorIndex=2]{}[colorindex:colorIndex=0]层精灵获得大量基础资源,你被第[colorindex:colorIndex=2]{}[colorindex:colorIndex=0]层精灵击败,[colorindex:colorIndex=2]{}[colorindex:colorIndex=0]公会推进到第[colorindex:colorIndex=2]{}[colorindex:colorIndex=0]层,1,0,[colorindex:colorIndex=2]{}[colorindex:colorIndex=0]公会推进到第[colorindex:colorIndex=2]{}[colorindex:colorIndex=0]层，给全服玩家发[colorindex:colorIndex=2]{}[colorindex:colorIndex=0]个红包,1,1,50,8888
67,你击败了第[colorindex:colorIndex=2]{}[colorindex:colorIndex=0]层精灵获得大量基础资源,你被第[colorindex:colorIndex=2]{}[colorindex:colorIndex=0]层精灵击败,[colorindex:colorIndex=2]{}[colorindex:colorIndex=0]公会推进到第[colorindex:colorIndex=2]{}[colorindex:colorIndex=0]层,1,0,[colorindex:colorIndex=2]{}[colorindex:colorIndex=0]公会推进到第[colorindex:colorIndex=2]{}[colorindex:colorIndex=0]层，给全服玩家发[colorindex:colorIndex=2]{}[colorindex:colorIndex=0]个红包,1,1,50,8888
68,你击败了第[colorindex:colorIndex=2]{}[colorindex:colorIndex=0]层精灵获得大量基础资源,你被第[colorindex:colorIndex=2]{}[colorindex:colorIndex=0]层精灵击败,[colorindex:colorIndex=2]{}[colorindex:colorIndex=0]公会推进到第[colorindex:colorIndex=2]{}[colorindex:colorIndex=0]层,1,0,[colorindex:colorIndex=2]{}[colorindex:colorIndex=0]公会推进到第[colorindex:colorIndex=2]{}[colorindex:colorIndex=0]层，给全服玩家发[colorindex:colorIndex=2]{}[colorindex:colorIndex=0]个红包,1,1,50,8888
69,你击败了第[colorindex:colorIndex=2]{}[colorindex:colorIndex=0]层精灵获得大量基础资源,你被第[colorindex:colorIndex=2]{}[colorindex:colorIndex=0]层精灵击败,[colorindex:colorIndex=2]{}[colorindex:colorIndex=0]公会推进到第[colorindex:colorIndex=2]{}[colorindex:colorIndex=0]层,1,0,[colorindex:colorIndex=2]{}[colorindex:colorIndex=0]公会推进到第[colorindex:colorIndex=2]{}[colorindex:colorIndex=0]层，给全服玩家发[colorindex:colorIndex=2]{}[colorindex:colorIndex=0]个红包,1,1,50,8888
70,你击败了第[colorindex:colorIndex=2]{}[colorindex:colorIndex=0]层精灵获得大量基础资源,你被第[colorindex:colorIndex=2]{}[colorindex:colorIndex=0]层精灵击败,[colorindex:colorIndex=2]{}[colorindex:colorIndex=0]公会推进到第[colorindex:colorIndex=2]{}[colorindex:colorIndex=0]层,0,0,[colorindex:colorIndex=2]{}[colorindex:colorIndex=0]公会推进到第[colorindex:colorIndex=2]{}[colorindex:colorIndex=0]层，给全服玩家发[colorindex:colorIndex=2]{}[colorindex:colorIndex=0]个红包,1,1,50,8888
71,你击败了第[colorindex:colorIndex=2]{}[colorindex:colorIndex=0]层精灵获得大量基础资源,你被第[colorindex:colorIndex=2]{}[colorindex:colorIndex=0]层精灵击败,[colorindex:colorIndex=2]{}[colorindex:colorIndex=0]公会推进到第[colorindex:colorIndex=2]{}[colorindex:colorIndex=0]层,1,0,[colorindex:colorIndex=2]{}[colorindex:colorIndex=0]公会推进到第[colorindex:colorIndex=2]{}[colorindex:colorIndex=0]层，给全服玩家发[colorindex:colorIndex=2]{}[colorindex:colorIndex=0]个红包,1,1,50,8888
72,你击败了第[colorindex:colorIndex=2]{}[colorindex:colorIndex=0]层精灵获得大量基础资源,你被第[colorindex:colorIndex=2]{}[colorindex:colorIndex=0]层精灵击败,[colorindex:colorIndex=2]{}[colorindex:colorIndex=0]公会推进到第[colorindex:colorIndex=2]{}[colorindex:colorIndex=0]层,1,0,[colorindex:colorIndex=2]{}[colorindex:colorIndex=0]公会推进到第[colorindex:colorIndex=2]{}[colorindex:colorIndex=0]层，给全服玩家发[colorindex:colorIndex=2]{}[colorindex:colorIndex=0]个红包,1,1,50,8888
73,你击败了第[colorindex:colorIndex=2]{}[colorindex:colorIndex=0]层精灵获得大量基础资源,你被第[colorindex:colorIndex=2]{}[colorindex:colorIndex=0]层精灵击败,[colorindex:colorIndex=2]{}[colorindex:colorIndex=0]公会推进到第[colorindex:colorIndex=2]{}[colorindex:colorIndex=0]层,1,0,[colorindex:colorIndex=2]{}[colorindex:colorIndex=0]公会推进到第[colorindex:colorIndex=2]{}[colorindex:colorIndex=0]层，给全服玩家发[colorindex:colorIndex=2]{}[colorindex:colorIndex=0]个红包,1,1,50,8888
74,你击败了第[colorindex:colorIndex=2]{}[colorindex:colorIndex=0]层精灵获得大量基础资源,你被第[colorindex:colorIndex=2]{}[colorindex:colorIndex=0]层精灵击败,[colorindex:colorIndex=2]{}[colorindex:colorIndex=0]公会推进到第[colorindex:colorIndex=2]{}[colorindex:colorIndex=0]层,1,0,[colorindex:colorIndex=2]{}[colorindex:colorIndex=0]公会推进到第[colorindex:colorIndex=2]{}[colorindex:colorIndex=0]层，给全服玩家发[colorindex:colorIndex=2]{}[colorindex:colorIndex=0]个红包,1,1,50,8888
75,你击败了第[colorindex:colorIndex=2]{}[colorindex:colorIndex=0]层精灵获得大量基础资源,你被第[colorindex:colorIndex=2]{}[colorindex:colorIndex=0]层精灵击败,[colorindex:colorIndex=2]{}[colorindex:colorIndex=0]公会推进到第[colorindex:colorIndex=2]{}[colorindex:colorIndex=0]层,0,0,[colorindex:colorIndex=2]{}[colorindex:colorIndex=0]公会推进到第[colorindex:colorIndex=2]{}[colorindex:colorIndex=0]层，给全服玩家发[colorindex:colorIndex=2]{}[colorindex:colorIndex=0]个红包,1,1,50,8888
76,你击败了第[colorindex:colorIndex=2]{}[colorindex:colorIndex=0]层精灵获得大量基础资源,你被第[colorindex:colorIndex=2]{}[colorindex:colorIndex=0]层精灵击败,[colorindex:colorIndex=2]{}[colorindex:colorIndex=0]公会推进到第[colorindex:colorIndex=2]{}[colorindex:colorIndex=0]层,1,0,[colorindex:colorIndex=2]{}[colorindex:colorIndex=0]公会推进到第[colorindex:colorIndex=2]{}[colorindex:colorIndex=0]层，给全服玩家发[colorindex:colorIndex=2]{}[colorindex:colorIndex=0]个红包,1,1,50,8888
77,你击败了第[colorindex:colorIndex=2]{}[colorindex:colorIndex=0]层精灵获得大量基础资源,你被第[colorindex:colorIndex=2]{}[colorindex:colorIndex=0]层精灵击败,[colorindex:colorIndex=2]{}[colorindex:colorIndex=0]公会推进到第[colorindex:colorIndex=2]{}[colorindex:colorIndex=0]层,1,0,[colorindex:colorIndex=2]{}[colorindex:colorIndex=0]公会推进到第[colorindex:colorIndex=2]{}[colorindex:colorIndex=0]层，给全服玩家发[colorindex:colorIndex=2]{}[colorindex:colorIndex=0]个红包,1,1,50,8888
78,你击败了第[colorindex:colorIndex=2]{}[colorindex:colorIndex=0]层精灵获得大量基础资源,你被第[colorindex:colorIndex=2]{}[colorindex:colorIndex=0]层精灵击败,[colorindex:colorIndex=2]{}[colorindex:colorIndex=0]公会推进到第[colorindex:colorIndex=2]{}[colorindex:colorIndex=0]层,1,0,[colorindex:colorIndex=2]{}[colorindex:colorIndex=0]公会推进到第[colorindex:colorIndex=2]{}[colorindex:colorIndex=0]层，给全服玩家发[colorindex:colorIndex=2]{}[colorindex:colorIndex=0]个红包,1,1,50,8888
79,你击败了第[colorindex:colorIndex=2]{}[colorindex:colorIndex=0]层精灵获得大量基础资源,你被第[colorindex:colorIndex=2]{}[colorindex:colorIndex=0]层精灵击败,[colorindex:colorIndex=2]{}[colorindex:colorIndex=0]公会推进到第[colorindex:colorIndex=2]{}[colorindex:colorIndex=0]层,1,0,[colorindex:colorIndex=2]{}[colorindex:colorIndex=0]公会推进到第[colorindex:colorIndex=2]{}[colorindex:colorIndex=0]层，给全服玩家发[colorindex:colorIndex=2]{}[colorindex:colorIndex=0]个红包,1,1,50,8888
80,你击败了第[colorindex:colorIndex=2]{}[colorindex:colorIndex=0]层精灵获得大量基础资源,你被第[colorindex:colorIndex=2]{}[colorindex:colorIndex=0]层精灵击败,[colorindex:colorIndex=2]{}[colorindex:colorIndex=0]公会推进到第[colorindex:colorIndex=2]{}[colorindex:colorIndex=0]层,0,0,[colorindex:colorIndex=2]{}[colorindex:colorIndex=0]公会推进到第[colorindex:colorIndex=2]{}[colorindex:colorIndex=0]层，给全服玩家发[colorindex:colorIndex=2]{}[colorindex:colorIndex=0]个红包,1,1,50,8888
81,你击败了第[colorindex:colorIndex=2]{}[colorindex:colorIndex=0]层精灵获得大量基础资源,你被第[colorindex:colorIndex=2]{}[colorindex:colorIndex=0]层精灵击败,[colorindex:colorIndex=2]{}[colorindex:colorIndex=0]公会推进到第[colorindex:colorIndex=2]{}[colorindex:colorIndex=0]层,1,0,[colorindex:colorIndex=2]{}[colorindex:colorIndex=0]公会推进到第[colorindex:colorIndex=2]{}[colorindex:colorIndex=0]层，给全服玩家发[colorindex:colorIndex=2]{}[colorindex:colorIndex=0]个红包,1,1,50,8888
82,你击败了第[colorindex:colorIndex=2]{}[colorindex:colorIndex=0]层精灵获得大量基础资源,你被第[colorindex:colorIndex=2]{}[colorindex:colorIndex=0]层精灵击败,[colorindex:colorIndex=2]{}[colorindex:colorIndex=0]公会推进到第[colorindex:colorIndex=2]{}[colorindex:colorIndex=0]层,1,0,[colorindex:colorIndex=2]{}[colorindex:colorIndex=0]公会推进到第[colorindex:colorIndex=2]{}[colorindex:colorIndex=0]层，给全服玩家发[colorindex:colorIndex=2]{}[colorindex:colorIndex=0]个红包,1,1,50,8888
83,你击败了第[colorindex:colorIndex=2]{}[colorindex:colorIndex=0]层精灵获得大量基础资源,你被第[colorindex:colorIndex=2]{}[colorindex:colorIndex=0]层精灵击败,[colorindex:colorIndex=2]{}[colorindex:colorIndex=0]公会推进到第[colorindex:colorIndex=2]{}[colorindex:colorIndex=0]层,1,0,[colorindex:colorIndex=2]{}[colorindex:colorIndex=0]公会推进到第[colorindex:colorIndex=2]{}[colorindex:colorIndex=0]层，给全服玩家发[colorindex:colorIndex=2]{}[colorindex:colorIndex=0]个红包,1,1,50,8888
84,你击败了第[colorindex:colorIndex=2]{}[colorindex:colorIndex=0]层精灵获得大量基础资源,你被第[colorindex:colorIndex=2]{}[colorindex:colorIndex=0]层精灵击败,[colorindex:colorIndex=2]{}[colorindex:colorIndex=0]公会推进到第[colorindex:colorIndex=2]{}[colorindex:colorIndex=0]层,1,0,[colorindex:colorIndex=2]{}[colorindex:colorIndex=0]公会推进到第[colorindex:colorIndex=2]{}[colorindex:colorIndex=0]层，给全服玩家发[colorindex:colorIndex=2]{}[colorindex:colorIndex=0]个红包,1,1,50,8888
85,你击败了第[colorindex:colorIndex=2]{}[colorindex:colorIndex=0]层精灵获得大量基础资源,你被第[colorindex:colorIndex=2]{}[colorindex:colorIndex=0]层精灵击败,[colorindex:colorIndex=2]{}[colorindex:colorIndex=0]公会推进到第[colorindex:colorIndex=2]{}[colorindex:colorIndex=0]层,0,0,[colorindex:colorIndex=2]{}[colorindex:colorIndex=0]公会推进到第[colorindex:colorIndex=2]{}[colorindex:colorIndex=0]层，给全服玩家发[colorindex:colorIndex=2]{}[colorindex:colorIndex=0]个红包,1,1,50,8888
86,你击败了第[colorindex:colorIndex=2]{}[colorindex:colorIndex=0]层精灵获得大量基础资源,你被第[colorindex:colorIndex=2]{}[colorindex:colorIndex=0]层精灵击败,[colorindex:colorIndex=2]{}[colorindex:colorIndex=0]公会推进到第[colorindex:colorIndex=2]{}[colorindex:colorIndex=0]层,1,0,[colorindex:colorIndex=2]{}[colorindex:colorIndex=0]公会推进到第[colorindex:colorIndex=2]{}[colorindex:colorIndex=0]层，给全服玩家发[colorindex:colorIndex=2]{}[colorindex:colorIndex=0]个红包,1,1,50,8888
87,你击败了第[colorindex:colorIndex=2]{}[colorindex:colorIndex=0]层精灵获得大量基础资源,你被第[colorindex:colorIndex=2]{}[colorindex:colorIndex=0]层精灵击败,[colorindex:colorIndex=2]{}[colorindex:colorIndex=0]公会推进到第[colorindex:colorIndex=2]{}[colorindex:colorIndex=0]层,1,0,[colorindex:colorIndex=2]{}[colorindex:colorIndex=0]公会推进到第[colorindex:colorIndex=2]{}[colorindex:colorIndex=0]层，给全服玩家发[colorindex:colorIndex=2]{}[colorindex:colorIndex=0]个红包,1,1,50,8888
88,你击败了第[colorindex:colorIndex=2]{}[colorindex:colorIndex=0]层精灵获得大量基础资源,你被第[colorindex:colorIndex=2]{}[colorindex:colorIndex=0]层精灵击败,[colorindex:colorIndex=2]{}[colorindex:colorIndex=0]公会推进到第[colorindex:colorIndex=2]{}[colorindex:colorIndex=0]层,1,0,[colorindex:colorIndex=2]{}[colorindex:colorIndex=0]公会推进到第[colorindex:colorIndex=2]{}[colorindex:colorIndex=0]层，给全服玩家发[colorindex:colorIndex=2]{}[colorindex:colorIndex=0]个红包,1,1,50,8888
89,你击败了第[colorindex:colorIndex=2]{}[colorindex:colorIndex=0]层精灵获得大量基础资源,你被第[colorindex:colorIndex=2]{}[colorindex:colorIndex=0]层精灵击败,[colorindex:colorIndex=2]{}[colorindex:colorIndex=0]公会推进到第[colorindex:colorIndex=2]{}[colorindex:colorIndex=0]层,1,0,[colorindex:colorIndex=2]{}[colorindex:colorIndex=0]公会推进到第[colorindex:colorIndex=2]{}[colorindex:colorIndex=0]层，给全服玩家发[colorindex:colorIndex=2]{}[colorindex:colorIndex=0]个红包,1,1,50,8888
90,你击败了第[colorindex:colorIndex=2]{}[colorindex:colorIndex=0]层精灵获得大量基础资源,你被第[colorindex:colorIndex=2]{}[colorindex:colorIndex=0]层精灵击败,[colorindex:colorIndex=2]{}[colorindex:colorIndex=0]公会推进到第[colorindex:colorIndex=2]{}[colorindex:colorIndex=0]层,0,0,[colorindex:colorIndex=2]{}[colorindex:colorIndex=0]公会推进到第[colorindex:colorIndex=2]{}[colorindex:colorIndex=0]层，给全服玩家发[colorindex:colorIndex=2]{}[colorindex:colorIndex=0]个红包,1,1,50,8888
91,你击败了第[colorindex:colorIndex=2]{}[colorindex:colorIndex=0]层精灵获得大量基础资源,你被第[colorindex:colorIndex=2]{}[colorindex:colorIndex=0]层精灵击败,[colorindex:colorIndex=2]{}[colorindex:colorIndex=0]公会推进到第[colorindex:colorIndex=2]{}[colorindex:colorIndex=0]层,1,0,[colorindex:colorIndex=2]{}[colorindex:colorIndex=0]公会推进到第[colorindex:colorIndex=2]{}[colorindex:colorIndex=0]层，给全服玩家发[colorindex:colorIndex=2]{}[colorindex:colorIndex=0]个红包,1,1,50,8888
92,你击败了第[colorindex:colorIndex=2]{}[colorindex:colorIndex=0]层精灵获得大量基础资源,你被第[colorindex:colorIndex=2]{}[colorindex:colorIndex=0]层精灵击败,[colorindex:colorIndex=2]{}[colorindex:colorIndex=0]公会推进到第[colorindex:colorIndex=2]{}[colorindex:colorIndex=0]层,1,0,[colorindex:colorIndex=2]{}[colorindex:colorIndex=0]公会推进到第[colorindex:colorIndex=2]{}[colorindex:colorIndex=0]层，给全服玩家发[colorindex:colorIndex=2]{}[colorindex:colorIndex=0]个红包,1,1,50,8888
93,你击败了第[colorindex:colorIndex=2]{}[colorindex:colorIndex=0]层精灵获得大量基础资源,你被第[colorindex:colorIndex=2]{}[colorindex:colorIndex=0]层精灵击败,[colorindex:colorIndex=2]{}[colorindex:colorIndex=0]公会推进到第[colorindex:colorIndex=2]{}[colorindex:colorIndex=0]层,1,0,[colorindex:colorIndex=2]{}[colorindex:colorIndex=0]公会推进到第[colorindex:colorIndex=2]{}[colorindex:colorIndex=0]层，给全服玩家发[colorindex:colorIndex=2]{}[colorindex:colorIndex=0]个红包,1,1,50,8888
94,你击败了第[colorindex:colorIndex=2]{}[colorindex:colorIndex=0]层精灵获得大量基础资源,你被第[colorindex:colorIndex=2]{}[colorindex:colorIndex=0]层精灵击败,[colorindex:colorIndex=2]{}[colorindex:colorIndex=0]公会推进到第[colorindex:colorIndex=2]{}[colorindex:colorIndex=0]层,1,0,[colorindex:colorIndex=2]{}[colorindex:colorIndex=0]公会推进到第[colorindex:colorIndex=2]{}[colorindex:colorIndex=0]层，给全服玩家发[colorindex:colorIndex=2]{}[colorindex:colorIndex=0]个红包,1,1,50,8888
95,你击败了第[colorindex:colorIndex=2]{}[colorindex:colorIndex=0]层精灵获得大量基础资源,你被第[colorindex:colorIndex=2]{}[colorindex:colorIndex=0]层精灵击败,[colorindex:colorIndex=2]{}[colorindex:colorIndex=0]公会推进到第[colorindex:colorIndex=2]{}[colorindex:colorIndex=0]层,0,0,[colorindex:colorIndex=2]{}[colorindex:colorIndex=0]公会推进到第[colorindex:colorIndex=2]{}[colorindex:colorIndex=0]层，给全服玩家发[colorindex:colorIndex=2]{}[colorindex:colorIndex=0]个红包,1,1,50,8888
96,你击败了第[colorindex:colorIndex=2]{}[colorindex:colorIndex=0]层精灵获得大量基础资源,你被第[colorindex:colorIndex=2]{}[colorindex:colorIndex=0]层精灵击败,[colorindex:colorIndex=2]{}[colorindex:colorIndex=0]公会推进到第[colorindex:colorIndex=2]{}[colorindex:colorIndex=0]层,1,0,[colorindex:colorIndex=2]{}[colorindex:colorIndex=0]公会推进到第[colorindex:colorIndex=2]{}[colorindex:colorIndex=0]层，给全服玩家发[colorindex:colorIndex=2]{}[colorindex:colorIndex=0]个红包,1,1,50,8888
97,你击败了第[colorindex:colorIndex=2]{}[colorindex:colorIndex=0]层精灵获得大量基础资源,你被第[colorindex:colorIndex=2]{}[colorindex:colorIndex=0]层精灵击败,[colorindex:colorIndex=2]{}[colorindex:colorIndex=0]公会推进到第[colorindex:colorIndex=2]{}[colorindex:colorIndex=0]层,1,0,[colorindex:colorIndex=2]{}[colorindex:colorIndex=0]公会推进到第[colorindex:colorIndex=2]{}[colorindex:colorIndex=0]层，给全服玩家发[colorindex:colorIndex=2]{}[colorindex:colorIndex=0]个红包,1,1,50,8888
98,你击败了第[colorindex:colorIndex=2]{}[colorindex:colorIndex=0]层精灵获得大量基础资源,你被第[colorindex:colorIndex=2]{}[colorindex:colorIndex=0]层精灵击败,[colorindex:colorIndex=2]{}[colorindex:colorIndex=0]公会推进到第[colorindex:colorIndex=2]{}[colorindex:colorIndex=0]层,1,0,[colorindex:colorIndex=2]{}[colorindex:colorIndex=0]公会推进到第[colorindex:colorIndex=2]{}[colorindex:colorIndex=0]层，给全服玩家发[colorindex:colorIndex=2]{}[colorindex:colorIndex=0]个红包,1,1,50,8888
99,你击败了第[colorindex:colorIndex=2]{}[colorindex:colorIndex=0]层精灵获得大量基础资源,你被第[colorindex:colorIndex=2]{}[colorindex:colorIndex=0]层精灵击败,[colorindex:colorIndex=2]{}[colorindex:colorIndex=0]公会推进到第[colorindex:colorIndex=2]{}[colorindex:colorIndex=0]层,1,0,[colorindex:colorIndex=2]{}[colorindex:colorIndex=0]公会推进到第[colorindex:colorIndex=2]{}[colorindex:colorIndex=0]层，给全服玩家发[colorindex:colorIndex=2]{}[colorindex:colorIndex=0]个红包,1,1,50,8888
100,你击败了第[colorindex:colorIndex=2]{}[colorindex:colorIndex=0]层精灵获得大量基础资源,你被第[colorindex:colorIndex=2]{}[colorindex:colorIndex=0]层精灵击败,[colorindex:colorIndex=2]{}[colorindex:colorIndex=0]公会推进到第[colorindex:colorIndex=2]{}[colorindex:colorIndex=0]层,0,0,[colorindex:colorIndex=2]{}[colorindex:colorIndex=0]公会推进到第[colorindex:colorIndex=2]{}[colorindex:colorIndex=0]层，给全服玩家发[colorindex:colorIndex=2]{}[colorindex:colorIndex=0]个红包,1,1,50,8888
101,你击败了第[colorindex:colorIndex=2]{}[colorindex:colorIndex=0]层精灵获得大量基础资源,你被第[colorindex:colorIndex=2]{}[colorindex:colorIndex=0]层精灵击败,[colorindex:colorIndex=2]{}[colorindex:colorIndex=0]公会推进到第[colorindex:colorIndex=2]{}[colorindex:colorIndex=0]层,1,0,[colorindex:colorIndex=2]{}[colorindex:colorIndex=0]公会推进到第[colorindex:colorIndex=2]{}[colorindex:colorIndex=0]层，给全服玩家发[colorindex:colorIndex=2]{}[colorindex:colorIndex=0]个红包,1,1,50,8888
102,你击败了第[colorindex:colorIndex=2]{}[colorindex:colorIndex=0]层精灵获得大量基础资源,你被第[colorindex:colorIndex=2]{}[colorindex:colorIndex=0]层精灵击败,[colorindex:colorIndex=2]{}[colorindex:colorIndex=0]公会推进到第[colorindex:colorIndex=2]{}[colorindex:colorIndex=0]层,1,0,[colorindex:colorIndex=2]{}[colorindex:colorIndex=0]公会推进到第[colorindex:colorIndex=2]{}[colorindex:colorIndex=0]层，给全服玩家发[colorindex:colorIndex=2]{}[colorindex:colorIndex=0]个红包,1,1,50,8888
103,你击败了第[colorindex:colorIndex=2]{}[colorindex:colorIndex=0]层精灵获得大量基础资源,你被第[colorindex:colorIndex=2]{}[colorindex:colorIndex=0]层精灵击败,[colorindex:colorIndex=2]{}[colorindex:colorIndex=0]公会推进到第[colorindex:colorIndex=2]{}[colorindex:colorIndex=0]层,1,0,[colorindex:colorIndex=2]{}[colorindex:colorIndex=0]公会推进到第[colorindex:colorIndex=2]{}[colorindex:colorIndex=0]层，给全服玩家发[colorindex:colorIndex=2]{}[colorindex:colorIndex=0]个红包,1,1,50,8888
104,你击败了第[colorindex:colorIndex=2]{}[colorindex:colorIndex=0]层精灵获得大量基础资源,你被第[colorindex:colorIndex=2]{}[colorindex:colorIndex=0]层精灵击败,[colorindex:colorIndex=2]{}[colorindex:colorIndex=0]公会推进到第[colorindex:colorIndex=2]{}[colorindex:colorIndex=0]层,1,0,[colorindex:colorIndex=2]{}[colorindex:colorIndex=0]公会推进到第[colorindex:colorIndex=2]{}[colorindex:colorIndex=0]层，给全服玩家发[colorindex:colorIndex=2]{}[colorindex:colorIndex=0]个红包,1,1,50,8888
105,你击败了第[colorindex:colorIndex=2]{}[colorindex:colorIndex=0]层精灵获得大量基础资源,你被第[colorindex:colorIndex=2]{}[colorindex:colorIndex=0]层精灵击败,[colorindex:colorIndex=2]{}[colorindex:colorIndex=0]公会推进到第[colorindex:colorIndex=2]{}[colorindex:colorIndex=0]层,0,0,[colorindex:colorIndex=2]{}[colorindex:colorIndex=0]公会推进到第[colorindex:colorIndex=2]{}[colorindex:colorIndex=0]层，给全服玩家发[colorindex:colorIndex=2]{}[colorindex:colorIndex=0]个红包,1,1,50,8888
106,你击败了第[colorindex:colorIndex=2]{}[colorindex:colorIndex=0]层精灵获得大量基础资源,你被第[colorindex:colorIndex=2]{}[colorindex:colorIndex=0]层精灵击败,[colorindex:colorIndex=2]{}[colorindex:colorIndex=0]公会推进到第[colorindex:colorIndex=2]{}[colorindex:colorIndex=0]层,1,0,[colorindex:colorIndex=2]{}[colorindex:colorIndex=0]公会推进到第[colorindex:colorIndex=2]{}[colorindex:colorIndex=0]层，给全服玩家发[colorindex:colorIndex=2]{}[colorindex:colorIndex=0]个红包,1,1,50,8888
107,你击败了第[colorindex:colorIndex=2]{}[colorindex:colorIndex=0]层精灵获得大量基础资源,你被第[colorindex:colorIndex=2]{}[colorindex:colorIndex=0]层精灵击败,[colorindex:colorIndex=2]{}[colorindex:colorIndex=0]公会推进到第[colorindex:colorIndex=2]{}[colorindex:colorIndex=0]层,1,0,[colorindex:colorIndex=2]{}[colorindex:colorIndex=0]公会推进到第[colorindex:colorIndex=2]{}[colorindex:colorIndex=0]层，给全服玩家发[colorindex:colorIndex=2]{}[colorindex:colorIndex=0]个红包,1,1,50,8888
108,你击败了第[colorindex:colorIndex=2]{}[colorindex:colorIndex=0]层精灵获得大量基础资源,你被第[colorindex:colorIndex=2]{}[colorindex:colorIndex=0]层精灵击败,[colorindex:colorIndex=2]{}[colorindex:colorIndex=0]公会推进到第[colorindex:colorIndex=2]{}[colorindex:colorIndex=0]层,1,0,[colorindex:colorIndex=2]{}[colorindex:colorIndex=0]公会推进到第[colorindex:colorIndex=2]{}[colorindex:colorIndex=0]层，给全服玩家发[colorindex:colorIndex=2]{}[colorindex:colorIndex=0]个红包,1,1,50,8888
109,你击败了第[colorindex:colorIndex=2]{}[colorindex:colorIndex=0]层精灵获得大量基础资源,你被第[colorindex:colorIndex=2]{}[colorindex:colorIndex=0]层精灵击败,[colorindex:colorIndex=2]{}[colorindex:colorIndex=0]公会推进到第[colorindex:colorIndex=2]{}[colorindex:colorIndex=0]层,1,0,[colorindex:colorIndex=2]{}[colorindex:colorIndex=0]公会推进到第[colorindex:colorIndex=2]{}[colorindex:colorIndex=0]层，给全服玩家发[colorindex:colorIndex=2]{}[colorindex:colorIndex=0]个红包,1,1,50,8888
110,你击败了第[colorindex:colorIndex=2]{}[colorindex:colorIndex=0]层精灵获得大量基础资源,你被第[colorindex:colorIndex=2]{}[colorindex:colorIndex=0]层精灵击败,[colorindex:colorIndex=2]{}[colorindex:colorIndex=0]公会推进到第[colorindex:colorIndex=2]{}[colorindex:colorIndex=0]层,0,0,[colorindex:colorIndex=2]{}[colorindex:colorIndex=0]公会推进到第[colorindex:colorIndex=2]{}[colorindex:colorIndex=0]层，给全服玩家发[colorindex:colorIndex=2]{}[colorindex:colorIndex=0]个红包,1,1,50,8888
111,你击败了第[colorindex:colorIndex=2]{}[colorindex:colorIndex=0]层精灵获得大量基础资源,你被第[colorindex:colorIndex=2]{}[colorindex:colorIndex=0]层精灵击败,[colorindex:colorIndex=2]{}[colorindex:colorIndex=0]公会推进到第[colorindex:colorIndex=2]{}[colorindex:colorIndex=0]层,1,0,[colorindex:colorIndex=2]{}[colorindex:colorIndex=0]公会推进到第[colorindex:colorIndex=2]{}[colorindex:colorIndex=0]层，给全服玩家发[colorindex:colorIndex=2]{}[colorindex:colorIndex=0]个红包,1,1,50,8888
112,你击败了第[colorindex:colorIndex=2]{}[colorindex:colorIndex=0]层精灵获得大量基础资源,你被第[colorindex:colorIndex=2]{}[colorindex:colorIndex=0]层精灵击败,[colorindex:colorIndex=2]{}[colorindex:colorIndex=0]公会推进到第[colorindex:colorIndex=2]{}[colorindex:colorIndex=0]层,1,0,[colorindex:colorIndex=2]{}[colorindex:colorIndex=0]公会推进到第[colorindex:colorIndex=2]{}[colorindex:colorIndex=0]层，给全服玩家发[colorindex:colorIndex=2]{}[colorindex:colorIndex=0]个红包,1,1,50,8888
113,你击败了第[colorindex:colorIndex=2]{}[colorindex:colorIndex=0]层精灵获得大量基础资源,你被第[colorindex:colorIndex=2]{}[colorindex:colorIndex=0]层精灵击败,[colorindex:colorIndex=2]{}[colorindex:colorIndex=0]公会推进到第[colorindex:colorIndex=2]{}[colorindex:colorIndex=0]层,1,0,[colorindex:colorIndex=2]{}[colorindex:colorIndex=0]公会推进到第[colorindex:colorIndex=2]{}[colorindex:colorIndex=0]层，给全服玩家发[colorindex:colorIndex=2]{}[colorindex:colorIndex=0]个红包,1,1,50,8888
114,你击败了第[colorindex:colorIndex=2]{}[colorindex:colorIndex=0]层精灵获得大量基础资源,你被第[colorindex:colorIndex=2]{}[colorindex:colorIndex=0]层精灵击败,[colorindex:colorIndex=2]{}[colorindex:colorIndex=0]公会推进到第[colorindex:colorIndex=2]{}[colorindex:colorIndex=0]层,1,0,[colorindex:colorIndex=2]{}[colorindex:colorIndex=0]公会推进到第[colorindex:colorIndex=2]{}[colorindex:colorIndex=0]层，给全服玩家发[colorindex:colorIndex=2]{}[colorindex:colorIndex=0]个红包,1,1,50,8888
115,你击败了第[colorindex:colorIndex=2]{}[colorindex:colorIndex=0]层精灵获得大量基础资源,你被第[colorindex:colorIndex=2]{}[colorindex:colorIndex=0]层精灵击败,[colorindex:colorIndex=2]{}[colorindex:colorIndex=0]公会推进到第[colorindex:colorIndex=2]{}[colorindex:colorIndex=0]层,0,0,[colorindex:colorIndex=2]{}[colorindex:colorIndex=0]公会推进到第[colorindex:colorIndex=2]{}[colorindex:colorIndex=0]层，给全服玩家发[colorindex:colorIndex=2]{}[colorindex:colorIndex=0]个红包,1,1,50,8888
116,你击败了第[colorindex:colorIndex=2]{}[colorindex:colorIndex=0]层精灵获得大量基础资源,你被第[colorindex:colorIndex=2]{}[colorindex:colorIndex=0]层精灵击败,[colorindex:colorIndex=2]{}[colorindex:colorIndex=0]公会推进到第[colorindex:colorIndex=2]{}[colorindex:colorIndex=0]层,1,0,[colorindex:colorIndex=2]{}[colorindex:colorIndex=0]公会推进到第[colorindex:colorIndex=2]{}[colorindex:colorIndex=0]层，给全服玩家发[colorindex:colorIndex=2]{}[colorindex:colorIndex=0]个红包,1,1,50,8888
117,你击败了第[colorindex:colorIndex=2]{}[colorindex:colorIndex=0]层精灵获得大量基础资源,你被第[colorindex:colorIndex=2]{}[colorindex:colorIndex=0]层精灵击败,[colorindex:colorIndex=2]{}[colorindex:colorIndex=0]公会推进到第[colorindex:colorIndex=2]{}[colorindex:colorIndex=0]层,1,0,[colorindex:colorIndex=2]{}[colorindex:colorIndex=0]公会推进到第[colorindex:colorIndex=2]{}[colorindex:colorIndex=0]层，给全服玩家发[colorindex:colorIndex=2]{}[colorindex:colorIndex=0]个红包,1,1,50,8888
118,你击败了第[colorindex:colorIndex=2]{}[colorindex:colorIndex=0]层精灵获得大量基础资源,你被第[colorindex:colorIndex=2]{}[colorindex:colorIndex=0]层精灵击败,[colorindex:colorIndex=2]{}[colorindex:colorIndex=0]公会推进到第[colorindex:colorIndex=2]{}[colorindex:colorIndex=0]层,1,0,[colorindex:colorIndex=2]{}[colorindex:colorIndex=0]公会推进到第[colorindex:colorIndex=2]{}[colorindex:colorIndex=0]层，给全服玩家发[colorindex:colorIndex=2]{}[colorindex:colorIndex=0]个红包,1,1,50,8888
119,你击败了第[colorindex:colorIndex=2]{}[colorindex:colorIndex=0]层精灵获得大量基础资源,你被第[colorindex:colorIndex=2]{}[colorindex:colorIndex=0]层精灵击败,[colorindex:colorIndex=2]{}[colorindex:colorIndex=0]公会推进到第[colorindex:colorIndex=2]{}[colorindex:colorIndex=0]层,1,0,[colorindex:colorIndex=2]{}[colorindex:colorIndex=0]公会推进到第[colorindex:colorIndex=2]{}[colorindex:colorIndex=0]层，给全服玩家发[colorindex:colorIndex=2]{}[colorindex:colorIndex=0]个红包,1,1,50,8888
120,你击败了第[colorindex:colorIndex=2]{}[colorindex:colorIndex=0]层精灵获得大量基础资源,你被第[colorindex:colorIndex=2]{}[colorindex:colorIndex=0]层精灵击败,[colorindex:colorIndex=2]{}[colorindex:colorIndex=0]公会推进到第[colorindex:colorIndex=2]{}[colorindex:colorIndex=0]层,0,0,[colorindex:colorIndex=2]{}[colorindex:colorIndex=0]公会推进到第[colorindex:colorIndex=2]{}[colorindex:colorIndex=0]层，给全服玩家发[colorindex:colorIndex=2]{}[colorindex:colorIndex=0]个红包,1,1,50,8888
121,你击败了第[colorindex:colorIndex=2]{}[colorindex:colorIndex=0]层精灵获得大量基础资源,你被第[colorindex:colorIndex=2]{}[colorindex:colorIndex=0]层精灵击败,[colorindex:colorIndex=2]{}[colorindex:colorIndex=0]公会推进到第[colorindex:colorIndex=2]{}[colorindex:colorIndex=0]层,1,0,[colorindex:colorIndex=2]{}[colorindex:colorIndex=0]公会推进到第[colorindex:colorIndex=2]{}[colorindex:colorIndex=0]层，给全服玩家发[colorindex:colorIndex=2]{}[colorindex:colorIndex=0]个红包,1,1,50,8888
122,你击败了第[colorindex:colorIndex=2]{}[colorindex:colorIndex=0]层精灵获得大量基础资源,你被第[colorindex:colorIndex=2]{}[colorindex:colorIndex=0]层精灵击败,[colorindex:colorIndex=2]{}[colorindex:colorIndex=0]公会推进到第[colorindex:colorIndex=2]{}[colorindex:colorIndex=0]层,1,0,[colorindex:colorIndex=2]{}[colorindex:colorIndex=0]公会推进到第[colorindex:colorIndex=2]{}[colorindex:colorIndex=0]层，给全服玩家发[colorindex:colorIndex=2]{}[colorindex:colorIndex=0]个红包,1,1,50,8888
123,你击败了第[colorindex:colorIndex=2]{}[colorindex:colorIndex=0]层精灵获得大量基础资源,你被第[colorindex:colorIndex=2]{}[colorindex:colorIndex=0]层精灵击败,[colorindex:colorIndex=2]{}[colorindex:colorIndex=0]公会推进到第[colorindex:colorIndex=2]{}[colorindex:colorIndex=0]层,1,0,[colorindex:colorIndex=2]{}[colorindex:colorIndex=0]公会推进到第[colorindex:colorIndex=2]{}[colorindex:colorIndex=0]层，给全服玩家发[colorindex:colorIndex=2]{}[colorindex:colorIndex=0]个红包,1,1,50,8888
124,你击败了第[colorindex:colorIndex=2]{}[colorindex:colorIndex=0]层精灵获得大量基础资源,你被第[colorindex:colorIndex=2]{}[colorindex:colorIndex=0]层精灵击败,[colorindex:colorIndex=2]{}[colorindex:colorIndex=0]公会推进到第[colorindex:colorIndex=2]{}[colorindex:colorIndex=0]层,1,0,[colorindex:colorIndex=2]{}[colorindex:colorIndex=0]公会推进到第[colorindex:colorIndex=2]{}[colorindex:colorIndex=0]层，给全服玩家发[colorindex:colorIndex=2]{}[colorindex:colorIndex=0]个红包,1,1,50,8888
125,你击败了第[colorindex:colorIndex=2]{}[colorindex:colorIndex=0]层精灵获得大量基础资源,你被第[colorindex:colorIndex=2]{}[colorindex:colorIndex=0]层精灵击败,[colorindex:colorIndex=2]{}[colorindex:colorIndex=0]公会推进到第[colorindex:colorIndex=2]{}[colorindex:colorIndex=0]层,0,0,[colorindex:colorIndex=2]{}[colorindex:colorIndex=0]公会推进到第[colorindex:colorIndex=2]{}[colorindex:colorIndex=0]层，给全服玩家发[colorindex:colorIndex=2]{}[colorindex:colorIndex=0]个红包,1,1,50,8888
126,你击败了第[colorindex:colorIndex=2]{}[colorindex:colorIndex=0]层精灵获得大量基础资源,你被第[colorindex:colorIndex=2]{}[colorindex:colorIndex=0]层精灵击败,[colorindex:colorIndex=2]{}[colorindex:colorIndex=0]公会推进到第[colorindex:colorIndex=2]{}[colorindex:colorIndex=0]层,1,0,[colorindex:colorIndex=2]{}[colorindex:colorIndex=0]公会推进到第[colorindex:colorIndex=2]{}[colorindex:colorIndex=0]层，给全服玩家发[colorindex:colorIndex=2]{}[colorindex:colorIndex=0]个红包,1,1,50,8888
127,你击败了第[colorindex:colorIndex=2]{}[colorindex:colorIndex=0]层精灵获得大量基础资源,你被第[colorindex:colorIndex=2]{}[colorindex:colorIndex=0]层精灵击败,[colorindex:colorIndex=2]{}[colorindex:colorIndex=0]公会推进到第[colorindex:colorIndex=2]{}[colorindex:colorIndex=0]层,1,0,[colorindex:colorIndex=2]{}[colorindex:colorIndex=0]公会推进到第[colorindex:colorIndex=2]{}[colorindex:colorIndex=0]层，给全服玩家发[colorindex:colorIndex=2]{}[colorindex:colorIndex=0]个红包,1,1,50,8888
128,你击败了第[colorindex:colorIndex=2]{}[colorindex:colorIndex=0]层精灵获得大量基础资源,你被第[colorindex:colorIndex=2]{}[colorindex:colorIndex=0]层精灵击败,[colorindex:colorIndex=2]{}[colorindex:colorIndex=0]公会推进到第[colorindex:colorIndex=2]{}[colorindex:colorIndex=0]层,1,0,[colorindex:colorIndex=2]{}[colorindex:colorIndex=0]公会推进到第[colorindex:colorIndex=2]{}[colorindex:colorIndex=0]层，给全服玩家发[colorindex:colorIndex=2]{}[colorindex:colorIndex=0]个红包,1,1,50,8888
129,你击败了第[colorindex:colorIndex=2]{}[colorindex:colorIndex=0]层精灵获得大量基础资源,你被第[colorindex:colorIndex=2]{}[colorindex:colorIndex=0]层精灵击败,[colorindex:colorIndex=2]{}[colorindex:colorIndex=0]公会推进到第[colorindex:colorIndex=2]{}[colorindex:colorIndex=0]层,1,0,[colorindex:colorIndex=2]{}[colorindex:colorIndex=0]公会推进到第[colorindex:colorIndex=2]{}[colorindex:colorIndex=0]层，给全服玩家发[colorindex:colorIndex=2]{}[colorindex:colorIndex=0]个红包,1,1,50,8888
130,你击败了第[colorindex:colorIndex=2]{}[colorindex:colorIndex=0]层精灵获得大量基础资源,你被第[colorindex:colorIndex=2]{}[colorindex:colorIndex=0]层精灵击败,[colorindex:colorIndex=2]{}[colorindex:colorIndex=0]公会推进到第[colorindex:colorIndex=2]{}[colorindex:colorIndex=0]层,0,0,[colorindex:colorIndex=2]{}[colorindex:colorIndex=0]公会推进到第[colorindex:colorIndex=2]{}[colorindex:colorIndex=0]层，给全服玩家发[colorindex:colorIndex=2]{}[colorindex:colorIndex=0]个红包,1,1,50,8888
131,你击败了第[colorindex:colorIndex=2]{}[colorindex:colorIndex=0]层精灵获得大量基础资源,你被第[colorindex:colorIndex=2]{}[colorindex:colorIndex=0]层精灵击败,[colorindex:colorIndex=2]{}[colorindex:colorIndex=0]公会推进到第[colorindex:colorIndex=2]{}[colorindex:colorIndex=0]层,1,0,[colorindex:colorIndex=2]{}[colorindex:colorIndex=0]公会推进到第[colorindex:colorIndex=2]{}[colorindex:colorIndex=0]层，给全服玩家发[colorindex:colorIndex=2]{}[colorindex:colorIndex=0]个红包,1,1,50,8888
132,你击败了第[colorindex:colorIndex=2]{}[colorindex:colorIndex=0]层精灵获得大量基础资源,你被第[colorindex:colorIndex=2]{}[colorindex:colorIndex=0]层精灵击败,[colorindex:colorIndex=2]{}[colorindex:colorIndex=0]公会推进到第[colorindex:colorIndex=2]{}[colorindex:colorIndex=0]层,1,0,[colorindex:colorIndex=2]{}[colorindex:colorIndex=0]公会推进到第[colorindex:colorIndex=2]{}[colorindex:colorIndex=0]层，给全服玩家发[colorindex:colorIndex=2]{}[colorindex:colorIndex=0]个红包,1,1,50,8888
133,你击败了第[colorindex:colorIndex=2]{}[colorindex:colorIndex=0]层精灵获得大量基础资源,你被第[colorindex:colorIndex=2]{}[colorindex:colorIndex=0]层精灵击败,[colorindex:colorIndex=2]{}[colorindex:colorIndex=0]公会推进到第[colorindex:colorIndex=2]{}[colorindex:colorIndex=0]层,1,0,[colorindex:colorIndex=2]{}[colorindex:colorIndex=0]公会推进到第[colorindex:colorIndex=2]{}[colorindex:colorIndex=0]层，给全服玩家发[colorindex:colorIndex=2]{}[colorindex:colorIndex=0]个红包,1,1,50,8888
134,你击败了第[colorindex:colorIndex=2]{}[colorindex:colorIndex=0]层精灵获得大量基础资源,你被第[colorindex:colorIndex=2]{}[colorindex:colorIndex=0]层精灵击败,[colorindex:colorIndex=2]{}[colorindex:colorIndex=0]公会推进到第[colorindex:colorIndex=2]{}[colorindex:colorIndex=0]层,1,0,[colorindex:colorIndex=2]{}[colorindex:colorIndex=0]公会推进到第[colorindex:colorIndex=2]{}[colorindex:colorIndex=0]层，给全服玩家发[colorindex:colorIndex=2]{}[colorindex:colorIndex=0]个红包,1,1,50,8888
135,你击败了第[colorindex:colorIndex=2]{}[colorindex:colorIndex=0]层精灵获得大量基础资源,你被第[colorindex:colorIndex=2]{}[colorindex:colorIndex=0]层精灵击败,[colorindex:colorIndex=2]{}[colorindex:colorIndex=0]公会推进到第[colorindex:colorIndex=2]{}[colorindex:colorIndex=0]层,0,0,[colorindex:colorIndex=2]{}[colorindex:colorIndex=0]公会推进到第[colorindex:colorIndex=2]{}[colorindex:colorIndex=0]层，给全服玩家发[colorindex:colorIndex=2]{}[colorindex:colorIndex=0]个红包,1,1,50,8888
136,你击败了第[colorindex:colorIndex=2]{}[colorindex:colorIndex=0]层精灵获得大量基础资源,你被第[colorindex:colorIndex=2]{}[colorindex:colorIndex=0]层精灵击败,[colorindex:colorIndex=2]{}[colorindex:colorIndex=0]公会推进到第[colorindex:colorIndex=2]{}[colorindex:colorIndex=0]层,1,0,[colorindex:colorIndex=2]{}[colorindex:colorIndex=0]公会推进到第[colorindex:colorIndex=2]{}[colorindex:colorIndex=0]层，给全服玩家发[colorindex:colorIndex=2]{}[colorindex:colorIndex=0]个红包,1,1,50,8888
137,你击败了第[colorindex:colorIndex=2]{}[colorindex:colorIndex=0]层精灵获得大量基础资源,你被第[colorindex:colorIndex=2]{}[colorindex:colorIndex=0]层精灵击败,[colorindex:colorIndex=2]{}[colorindex:colorIndex=0]公会推进到第[colorindex:colorIndex=2]{}[colorindex:colorIndex=0]层,1,0,[colorindex:colorIndex=2]{}[colorindex:colorIndex=0]公会推进到第[colorindex:colorIndex=2]{}[colorindex:colorIndex=0]层，给全服玩家发[colorindex:colorIndex=2]{}[colorindex:colorIndex=0]个红包,1,1,50,8888
138,你击败了第[colorindex:colorIndex=2]{}[colorindex:colorIndex=0]层精灵获得大量基础资源,你被第[colorindex:colorIndex=2]{}[colorindex:colorIndex=0]层精灵击败,[colorindex:colorIndex=2]{}[colorindex:colorIndex=0]公会推进到第[colorindex:colorIndex=2]{}[colorindex:colorIndex=0]层,1,0,[colorindex:colorIndex=2]{}[colorindex:colorIndex=0]公会推进到第[colorindex:colorIndex=2]{}[colorindex:colorIndex=0]层，给全服玩家发[colorindex:colorIndex=2]{}[colorindex:colorIndex=0]个红包,1,1,50,8888
139,你击败了第[colorindex:colorIndex=2]{}[colorindex:colorIndex=0]层精灵获得大量基础资源,你被第[colorindex:colorIndex=2]{}[colorindex:colorIndex=0]层精灵击败,[colorindex:colorIndex=2]{}[colorindex:colorIndex=0]公会推进到第[colorindex:colorIndex=2]{}[colorindex:colorIndex=0]层,1,0,[colorindex:colorIndex=2]{}[colorindex:colorIndex=0]公会推进到第[colorindex:colorIndex=2]{}[colorindex:colorIndex=0]层，给全服玩家发[colorindex:colorIndex=2]{}[colorindex:colorIndex=0]个红包,1,1,50,8888
140,你击败了第[colorindex:colorIndex=2]{}[colorindex:colorIndex=0]层精灵获得大量基础资源,你被第[colorindex:colorIndex=2]{}[colorindex:colorIndex=0]层精灵击败,[colorindex:colorIndex=2]{}[colorindex:colorIndex=0]公会推进到第[colorindex:colorIndex=2]{}[colorindex:colorIndex=0]层,0,0,[colorindex:colorIndex=2]{}[colorindex:colorIndex=0]公会推进到第[colorindex:colorIndex=2]{}[colorindex:colorIndex=0]层，给全服玩家发[colorindex:colorIndex=2]{}[colorindex:colorIndex=0]个红包,1,1,50,8888
141,你击败了第[colorindex:colorIndex=2]{}[colorindex:colorIndex=0]层精灵获得大量基础资源,你被第[colorindex:colorIndex=2]{}[colorindex:colorIndex=0]层精灵击败,[colorindex:colorIndex=2]{}[colorindex:colorIndex=0]公会推进到第[colorindex:colorIndex=2]{}[colorindex:colorIndex=0]层,1,0,[colorindex:colorIndex=2]{}[colorindex:colorIndex=0]公会推进到第[colorindex:colorIndex=2]{}[colorindex:colorIndex=0]层，给全服玩家发[colorindex:colorIndex=2]{}[colorindex:colorIndex=0]个红包,1,1,50,8888
142,你击败了第[colorindex:colorIndex=2]{}[colorindex:colorIndex=0]层精灵获得大量基础资源,你被第[colorindex:colorIndex=2]{}[colorindex:colorIndex=0]层精灵击败,[colorindex:colorIndex=2]{}[colorindex:colorIndex=0]公会推进到第[colorindex:colorIndex=2]{}[colorindex:colorIndex=0]层,1,0,[colorindex:colorIndex=2]{}[colorindex:colorIndex=0]公会推进到第[colorindex:colorIndex=2]{}[colorindex:colorIndex=0]层，给全服玩家发[colorindex:colorIndex=2]{}[colorindex:colorIndex=0]个红包,1,1,50,8888
143,你击败了第[colorindex:colorIndex=2]{}[colorindex:colorIndex=0]层精灵获得大量基础资源,你被第[colorindex:colorIndex=2]{}[colorindex:colorIndex=0]层精灵击败,[colorindex:colorIndex=2]{}[colorindex:colorIndex=0]公会推进到第[colorindex:colorIndex=2]{}[colorindex:colorIndex=0]层,1,0,[colorindex:colorIndex=2]{}[colorindex:colorIndex=0]公会推进到第[colorindex:colorIndex=2]{}[colorindex:colorIndex=0]层，给全服玩家发[colorindex:colorIndex=2]{}[colorindex:colorIndex=0]个红包,1,1,50,8888
144,你击败了第[colorindex:colorIndex=2]{}[colorindex:colorIndex=0]层精灵获得大量基础资源,你被第[colorindex:colorIndex=2]{}[colorindex:colorIndex=0]层精灵击败,[colorindex:colorIndex=2]{}[colorindex:colorIndex=0]公会推进到第[colorindex:colorIndex=2]{}[colorindex:colorIndex=0]层,1,0,[colorindex:colorIndex=2]{}[colorindex:colorIndex=0]公会推进到第[colorindex:colorIndex=2]{}[colorindex:colorIndex=0]层，给全服玩家发[colorindex:colorIndex=2]{}[colorindex:colorIndex=0]个红包,1,1,50,8888
145,你击败了第[colorindex:colorIndex=2]{}[colorindex:colorIndex=0]层精灵获得大量基础资源,你被第[colorindex:colorIndex=2]{}[colorindex:colorIndex=0]层精灵击败,[colorindex:colorIndex=2]{}[colorindex:colorIndex=0]公会推进到第[colorindex:colorIndex=2]{}[colorindex:colorIndex=0]层,0,0,[colorindex:colorIndex=2]{}[colorindex:colorIndex=0]公会推进到第[colorindex:colorIndex=2]{}[colorindex:colorIndex=0]层，给全服玩家发[colorindex:colorIndex=2]{}[colorindex:colorIndex=0]个红包,1,1,50,8888
146,你击败了第[colorindex:colorIndex=2]{}[colorindex:colorIndex=0]层精灵获得大量基础资源,你被第[colorindex:colorIndex=2]{}[colorindex:colorIndex=0]层精灵击败,[colorindex:colorIndex=2]{}[colorindex:colorIndex=0]公会推进到第[colorindex:colorIndex=2]{}[colorindex:colorIndex=0]层,1,0,[colorindex:colorIndex=2]{}[colorindex:colorIndex=0]公会推进到第[colorindex:colorIndex=2]{}[colorindex:colorIndex=0]层，给全服玩家发[colorindex:colorIndex=2]{}[colorindex:colorIndex=0]个红包,1,1,50,8888
147,你击败了第[colorindex:colorIndex=2]{}[colorindex:colorIndex=0]层精灵获得大量基础资源,你被第[colorindex:colorIndex=2]{}[colorindex:colorIndex=0]层精灵击败,[colorindex:colorIndex=2]{}[colorindex:colorIndex=0]公会推进到第[colorindex:colorIndex=2]{}[colorindex:colorIndex=0]层,1,0,[colorindex:colorIndex=2]{}[colorindex:colorIndex=0]公会推进到第[colorindex:colorIndex=2]{}[colorindex:colorIndex=0]层，给全服玩家发[colorindex:colorIndex=2]{}[colorindex:colorIndex=0]个红包,1,1,50,8888
148,你击败了第[colorindex:colorIndex=2]{}[colorindex:colorIndex=0]层精灵获得大量基础资源,你被第[colorindex:colorIndex=2]{}[colorindex:colorIndex=0]层精灵击败,[colorindex:colorIndex=2]{}[colorindex:colorIndex=0]公会推进到第[colorindex:colorIndex=2]{}[colorindex:colorIndex=0]层,1,0,[colorindex:colorIndex=2]{}[colorindex:colorIndex=0]公会推进到第[colorindex:colorIndex=2]{}[colorindex:colorIndex=0]层，给全服玩家发[colorindex:colorIndex=2]{}[colorindex:colorIndex=0]个红包,1,1,50,8888
149,你击败了第[colorindex:colorIndex=2]{}[colorindex:colorIndex=0]层精灵获得大量基础资源,你被第[colorindex:colorIndex=2]{}[colorindex:colorIndex=0]层精灵击败,[colorindex:colorIndex=2]{}[colorindex:colorIndex=0]公会推进到第[colorindex:colorIndex=2]{}[colorindex:colorIndex=0]层,1,0,[colorindex:colorIndex=2]{}[colorindex:colorIndex=0]公会推进到第[colorindex:colorIndex=2]{}[colorindex:colorIndex=0]层，给全服玩家发[colorindex:colorIndex=2]{}[colorindex:colorIndex=0]个红包,1,1,50,8888
150,你击败了第[colorindex:colorIndex=2]{}[colorindex:colorIndex=0]层精灵获得大量基础资源,你被第[colorindex:colorIndex=2]{}[colorindex:colorIndex=0]层精灵击败,[colorindex:colorIndex=2]{}[colorindex:colorIndex=0]公会推进到第[colorindex:colorIndex=2]{}[colorindex:colorIndex=0]层,0,0,[colorindex:colorIndex=2]{}[colorindex:colorIndex=0]公会推进到第[colorindex:colorIndex=2]{}[colorindex:colorIndex=0]层，给全服玩家发[colorindex:colorIndex=2]{}[colorindex:colorIndex=0]个红包,1,1,50,8888
151,你击败了第[colorindex:colorIndex=2]{}[colorindex:colorIndex=0]层精灵获得大量基础资源,你被第[colorindex:colorIndex=2]{}[colorindex:colorIndex=0]层精灵击败,[colorindex:colorIndex=2]{}[colorindex:colorIndex=0]公会推进到第[colorindex:colorIndex=2]{}[colorindex:colorIndex=0]层,1,0,[colorindex:colorIndex=2]{}[colorindex:colorIndex=0]公会推进到第[colorindex:colorIndex=2]{}[colorindex:colorIndex=0]层，给全服玩家发[colorindex:colorIndex=2]{}[colorindex:colorIndex=0]个红包,1,1,50,8888
152,你击败了第[colorindex:colorIndex=2]{}[colorindex:colorIndex=0]层精灵获得大量基础资源,你被第[colorindex:colorIndex=2]{}[colorindex:colorIndex=0]层精灵击败,[colorindex:colorIndex=2]{}[colorindex:colorIndex=0]公会推进到第[colorindex:colorIndex=2]{}[colorindex:colorIndex=0]层,1,0,[colorindex:colorIndex=2]{}[colorindex:colorIndex=0]公会推进到第[colorindex:colorIndex=2]{}[colorindex:colorIndex=0]层，给全服玩家发[colorindex:colorIndex=2]{}[colorindex:colorIndex=0]个红包,1,1,50,8888
153,你击败了第[colorindex:colorIndex=2]{}[colorindex:colorIndex=0]层精灵获得大量基础资源,你被第[colorindex:colorIndex=2]{}[colorindex:colorIndex=0]层精灵击败,[colorindex:colorIndex=2]{}[colorindex:colorIndex=0]公会推进到第[colorindex:colorIndex=2]{}[colorindex:colorIndex=0]层,1,0,[colorindex:colorIndex=2]{}[colorindex:colorIndex=0]公会推进到第[colorindex:colorIndex=2]{}[colorindex:colorIndex=0]层，给全服玩家发[colorindex:colorIndex=2]{}[colorindex:colorIndex=0]个红包,1,1,50,8888
154,你击败了第[colorindex:colorIndex=2]{}[colorindex:colorIndex=0]层精灵获得大量基础资源,你被第[colorindex:colorIndex=2]{}[colorindex:colorIndex=0]层精灵击败,[colorindex:colorIndex=2]{}[colorindex:colorIndex=0]公会推进到第[colorindex:colorIndex=2]{}[colorindex:colorIndex=0]层,1,0,[colorindex:colorIndex=2]{}[colorindex:colorIndex=0]公会推进到第[colorindex:colorIndex=2]{}[colorindex:colorIndex=0]层，给全服玩家发[colorindex:colorIndex=2]{}[colorindex:colorIndex=0]个红包,1,1,50,8888
155,你击败了第[colorindex:colorIndex=2]{}[colorindex:colorIndex=0]层精灵获得大量基础资源,你被第[colorindex:colorIndex=2]{}[colorindex:colorIndex=0]层精灵击败,[colorindex:colorIndex=2]{}[colorindex:colorIndex=0]公会推进到第[colorindex:colorIndex=2]{}[colorindex:colorIndex=0]层,0,0,[colorindex:colorIndex=2]{}[colorindex:colorIndex=0]公会推进到第[colorindex:colorIndex=2]{}[colorindex:colorIndex=0]层，给全服玩家发[colorindex:colorIndex=2]{}[colorindex:colorIndex=0]个红包,1,1,50,8888
156,你击败了第[colorindex:colorIndex=2]{}[colorindex:colorIndex=0]层精灵获得大量基础资源,你被第[colorindex:colorIndex=2]{}[colorindex:colorIndex=0]层精灵击败,[colorindex:colorIndex=2]{}[colorindex:colorIndex=0]公会推进到第[colorindex:colorIndex=2]{}[colorindex:colorIndex=0]层,1,0,[colorindex:colorIndex=2]{}[colorindex:colorIndex=0]公会推进到第[colorindex:colorIndex=2]{}[colorindex:colorIndex=0]层，给全服玩家发[colorindex:colorIndex=2]{}[colorindex:colorIndex=0]个红包,1,1,50,8888
157,你击败了第[colorindex:colorIndex=2]{}[colorindex:colorIndex=0]层精灵获得大量基础资源,你被第[colorindex:colorIndex=2]{}[colorindex:colorIndex=0]层精灵击败,[colorindex:colorIndex=2]{}[colorindex:colorIndex=0]公会推进到第[colorindex:colorIndex=2]{}[colorindex:colorIndex=0]层,1,0,[colorindex:colorIndex=2]{}[colorindex:colorIndex=0]公会推进到第[colorindex:colorIndex=2]{}[colorindex:colorIndex=0]层，给全服玩家发[colorindex:colorIndex=2]{}[colorindex:colorIndex=0]个红包,1,1,50,8888
158,你击败了第[colorindex:colorIndex=2]{}[colorindex:colorIndex=0]层精灵获得大量基础资源,你被第[colorindex:colorIndex=2]{}[colorindex:colorIndex=0]层精灵击败,[colorindex:colorIndex=2]{}[colorindex:colorIndex=0]公会推进到第[colorindex:colorIndex=2]{}[colorindex:colorIndex=0]层,1,0,[colorindex:colorIndex=2]{}[colorindex:colorIndex=0]公会推进到第[colorindex:colorIndex=2]{}[colorindex:colorIndex=0]层，给全服玩家发[colorindex:colorIndex=2]{}[colorindex:colorIndex=0]个红包,1,1,50,8888
159,你击败了第[colorindex:colorIndex=2]{}[colorindex:colorIndex=0]层精灵获得大量基础资源,你被第[colorindex:colorIndex=2]{}[colorindex:colorIndex=0]层精灵击败,[colorindex:colorIndex=2]{}[colorindex:colorIndex=0]公会推进到第[colorindex:colorIndex=2]{}[colorindex:colorIndex=0]层,1,0,[colorindex:colorIndex=2]{}[colorindex:colorIndex=0]公会推进到第[colorindex:colorIndex=2]{}[colorindex:colorIndex=0]层，给全服玩家发[colorindex:colorIndex=2]{}[colorindex:colorIndex=0]个红包,1,1,50,8888
160,你击败了第[colorindex:colorIndex=2]{}[colorindex:colorIndex=0]层精灵获得大量基础资源,你被第[colorindex:colorIndex=2]{}[colorindex:colorIndex=0]层精灵击败,[colorindex:colorIndex=2]{}[colorindex:colorIndex=0]公会推进到第[colorindex:colorIndex=2]{}[colorindex:colorIndex=0]层,0,0,[colorindex:colorIndex=2]{}[colorindex:colorIndex=0]公会推进到第[colorindex:colorIndex=2]{}[colorindex:colorIndex=0]层，给全服玩家发[colorindex:colorIndex=2]{}[colorindex:colorIndex=0]个红包,1,1,50,8888
161,你击败了第[colorindex:colorIndex=2]{}[colorindex:colorIndex=0]层精灵获得大量基础资源,你被第[colorindex:colorIndex=2]{}[colorindex:colorIndex=0]层精灵击败,[colorindex:colorIndex=2]{}[colorindex:colorIndex=0]公会推进到第[colorindex:colorIndex=2]{}[colorindex:colorIndex=0]层,1,0,[colorindex:colorIndex=2]{}[colorindex:colorIndex=0]公会推进到第[colorindex:colorIndex=2]{}[colorindex:colorIndex=0]层，给全服玩家发[colorindex:colorIndex=2]{}[colorindex:colorIndex=0]个红包,1,1,50,8888
162,你击败了第[colorindex:colorIndex=2]{}[colorindex:colorIndex=0]层精灵获得大量基础资源,你被第[colorindex:colorIndex=2]{}[colorindex:colorIndex=0]层精灵击败,[colorindex:colorIndex=2]{}[colorindex:colorIndex=0]公会推进到第[colorindex:colorIndex=2]{}[colorindex:colorIndex=0]层,1,0,[colorindex:colorIndex=2]{}[colorindex:colorIndex=0]公会推进到第[colorindex:colorIndex=2]{}[colorindex:colorIndex=0]层，给全服玩家发[colorindex:colorIndex=2]{}[colorindex:colorIndex=0]个红包,1,1,50,8888
163,你击败了第[colorindex:colorIndex=2]{}[colorindex:colorIndex=0]层精灵获得大量基础资源,你被第[colorindex:colorIndex=2]{}[colorindex:colorIndex=0]层精灵击败,[colorindex:colorIndex=2]{}[colorindex:colorIndex=0]公会推进到第[colorindex:colorIndex=2]{}[colorindex:colorIndex=0]层,1,0,[colorindex:colorIndex=2]{}[colorindex:colorIndex=0]公会推进到第[colorindex:colorIndex=2]{}[colorindex:colorIndex=0]层，给全服玩家发[colorindex:colorIndex=2]{}[colorindex:colorIndex=0]个红包,1,1,50,8888
164,你击败了第[colorindex:colorIndex=2]{}[colorindex:colorIndex=0]层精灵获得大量基础资源,你被第[colorindex:colorIndex=2]{}[colorindex:colorIndex=0]层精灵击败,[colorindex:colorIndex=2]{}[colorindex:colorIndex=0]公会推进到第[colorindex:colorIndex=2]{}[colorindex:colorIndex=0]层,1,0,[colorindex:colorIndex=2]{}[colorindex:colorIndex=0]公会推进到第[colorindex:colorIndex=2]{}[colorindex:colorIndex=0]层，给全服玩家发[colorindex:colorIndex=2]{}[colorindex:colorIndex=0]个红包,1,1,50,8888
165,你击败了第[colorindex:colorIndex=2]{}[colorindex:colorIndex=0]层精灵获得大量基础资源,你被第[colorindex:colorIndex=2]{}[colorindex:colorIndex=0]层精灵击败,[colorindex:colorIndex=2]{}[colorindex:colorIndex=0]公会推进到第[colorindex:colorIndex=2]{}[colorindex:colorIndex=0]层,0,0,[colorindex:colorIndex=2]{}[colorindex:colorIndex=0]公会推进到第[colorindex:colorIndex=2]{}[colorindex:colorIndex=0]层，给全服玩家发[colorindex:colorIndex=2]{}[colorindex:colorIndex=0]个红包,1,1,50,8888
166,你击败了第[colorindex:colorIndex=2]{}[colorindex:colorIndex=0]层精灵获得大量基础资源,你被第[colorindex:colorIndex=2]{}[colorindex:colorIndex=0]层精灵击败,[colorindex:colorIndex=2]{}[colorindex:colorIndex=0]公会推进到第[colorindex:colorIndex=2]{}[colorindex:colorIndex=0]层,1,0,[colorindex:colorIndex=2]{}[colorindex:colorIndex=0]公会推进到第[colorindex:colorIndex=2]{}[colorindex:colorIndex=0]层，给全服玩家发[colorindex:colorIndex=2]{}[colorindex:colorIndex=0]个红包,1,1,50,8888
167,你击败了第[colorindex:colorIndex=2]{}[colorindex:colorIndex=0]层精灵获得大量基础资源,你被第[colorindex:colorIndex=2]{}[colorindex:colorIndex=0]层精灵击败,[colorindex:colorIndex=2]{}[colorindex:colorIndex=0]公会推进到第[colorindex:colorIndex=2]{}[colorindex:colorIndex=0]层,1,0,[colorindex:colorIndex=2]{}[colorindex:colorIndex=0]公会推进到第[colorindex:colorIndex=2]{}[colorindex:colorIndex=0]层，给全服玩家发[colorindex:colorIndex=2]{}[colorindex:colorIndex=0]个红包,1,1,50,8888
168,你击败了第[colorindex:colorIndex=2]{}[colorindex:colorIndex=0]层精灵获得大量基础资源,你被第[colorindex:colorIndex=2]{}[colorindex:colorIndex=0]层精灵击败,[colorindex:colorIndex=2]{}[colorindex:colorIndex=0]公会推进到第[colorindex:colorIndex=2]{}[colorindex:colorIndex=0]层,1,0,[colorindex:colorIndex=2]{}[colorindex:colorIndex=0]公会推进到第[colorindex:colorIndex=2]{}[colorindex:colorIndex=0]层，给全服玩家发[colorindex:colorIndex=2]{}[colorindex:colorIndex=0]个红包,1,1,50,8888
169,你击败了第[colorindex:colorIndex=2]{}[colorindex:colorIndex=0]层精灵获得大量基础资源,你被第[colorindex:colorIndex=2]{}[colorindex:colorIndex=0]层精灵击败,[colorindex:colorIndex=2]{}[colorindex:colorIndex=0]公会推进到第[colorindex:colorIndex=2]{}[colorindex:colorIndex=0]层,1,0,[colorindex:colorIndex=2]{}[colorindex:colorIndex=0]公会推进到第[colorindex:colorIndex=2]{}[colorindex:colorIndex=0]层，给全服玩家发[colorindex:colorIndex=2]{}[colorindex:colorIndex=0]个红包,1,1,50,8888
170,你击败了第[colorindex:colorIndex=2]{}[colorindex:colorIndex=0]层精灵获得大量基础资源,你被第[colorindex:colorIndex=2]{}[colorindex:colorIndex=0]层精灵击败,[colorindex:colorIndex=2]{}[colorindex:colorIndex=0]公会推进到第[colorindex:colorIndex=2]{}[colorindex:colorIndex=0]层,0,0,[colorindex:colorIndex=2]{}[colorindex:colorIndex=0]公会推进到第[colorindex:colorIndex=2]{}[colorindex:colorIndex=0]层，给全服玩家发[colorindex:colorIndex=2]{}[colorindex:colorIndex=0]个红包,1,1,50,8888
171,你击败了第[colorindex:colorIndex=2]{}[colorindex:colorIndex=0]层精灵获得大量基础资源,你被第[colorindex:colorIndex=2]{}[colorindex:colorIndex=0]层精灵击败,[colorindex:colorIndex=2]{}[colorindex:colorIndex=0]公会推进到第[colorindex:colorIndex=2]{}[colorindex:colorIndex=0]层,1,0,[colorindex:colorIndex=2]{}[colorindex:colorIndex=0]公会推进到第[colorindex:colorIndex=2]{}[colorindex:colorIndex=0]层，给全服玩家发[colorindex:colorIndex=2]{}[colorindex:colorIndex=0]个红包,1,1,50,8888
172,你击败了第[colorindex:colorIndex=2]{}[colorindex:colorIndex=0]层精灵获得大量基础资源,你被第[colorindex:colorIndex=2]{}[colorindex:colorIndex=0]层精灵击败,[colorindex:colorIndex=2]{}[colorindex:colorIndex=0]公会推进到第[colorindex:colorIndex=2]{}[colorindex:colorIndex=0]层,1,0,[colorindex:colorIndex=2]{}[colorindex:colorIndex=0]公会推进到第[colorindex:colorIndex=2]{}[colorindex:colorIndex=0]层，给全服玩家发[colorindex:colorIndex=2]{}[colorindex:colorIndex=0]个红包,1,1,50,8888
173,你击败了第[colorindex:colorIndex=2]{}[colorindex:colorIndex=0]层精灵获得大量基础资源,你被第[colorindex:colorIndex=2]{}[colorindex:colorIndex=0]层精灵击败,[colorindex:colorIndex=2]{}[colorindex:colorIndex=0]公会推进到第[colorindex:colorIndex=2]{}[colorindex:colorIndex=0]层,1,0,[colorindex:colorIndex=2]{}[colorindex:colorIndex=0]公会推进到第[colorindex:colorIndex=2]{}[colorindex:colorIndex=0]层，给全服玩家发[colorindex:colorIndex=2]{}[colorindex:colorIndex=0]个红包,1,1,50,8888
174,你击败了第[colorindex:colorIndex=2]{}[colorindex:colorIndex=0]层精灵获得大量基础资源,你被第[colorindex:colorIndex=2]{}[colorindex:colorIndex=0]层精灵击败,[colorindex:colorIndex=2]{}[colorindex:colorIndex=0]公会推进到第[colorindex:colorIndex=2]{}[colorindex:colorIndex=0]层,1,0,[colorindex:colorIndex=2]{}[colorindex:colorIndex=0]公会推进到第[colorindex:colorIndex=2]{}[colorindex:colorIndex=0]层，给全服玩家发[colorindex:colorIndex=2]{}[colorindex:colorIndex=0]个红包,1,1,50,8888
175,你击败了第[colorindex:colorIndex=2]{}[colorindex:colorIndex=0]层精灵获得大量基础资源,你被第[colorindex:colorIndex=2]{}[colorindex:colorIndex=0]层精灵击败,[colorindex:colorIndex=2]{}[colorindex:colorIndex=0]公会推进到第[colorindex:colorIndex=2]{}[colorindex:colorIndex=0]层,0,0,[colorindex:colorIndex=2]{}[colorindex:colorIndex=0]公会推进到第[colorindex:colorIndex=2]{}[colorindex:colorIndex=0]层，给全服玩家发[colorindex:colorIndex=2]{}[colorindex:colorIndex=0]个红包,1,1,50,8888
176,你击败了第[colorindex:colorIndex=2]{}[colorindex:colorIndex=0]层精灵获得大量基础资源,你被第[colorindex:colorIndex=2]{}[colorindex:colorIndex=0]层精灵击败,[colorindex:colorIndex=2]{}[colorindex:colorIndex=0]公会推进到第[colorindex:colorIndex=2]{}[colorindex:colorIndex=0]层,1,0,[colorindex:colorIndex=2]{}[colorindex:colorIndex=0]公会推进到第[colorindex:colorIndex=2]{}[colorindex:colorIndex=0]层，给全服玩家发[colorindex:colorIndex=2]{}[colorindex:colorIndex=0]个红包,1,1,50,8888
177,你击败了第[colorindex:colorIndex=2]{}[colorindex:colorIndex=0]层精灵获得大量基础资源,你被第[colorindex:colorIndex=2]{}[colorindex:colorIndex=0]层精灵击败,[colorindex:colorIndex=2]{}[colorindex:colorIndex=0]公会推进到第[colorindex:colorIndex=2]{}[colorindex:colorIndex=0]层,1,0,[colorindex:colorIndex=2]{}[colorindex:colorIndex=0]公会推进到第[colorindex:colorIndex=2]{}[colorindex:colorIndex=0]层，给全服玩家发[colorindex:colorIndex=2]{}[colorindex:colorIndex=0]个红包,1,1,50,8888
178,你击败了第[colorindex:colorIndex=2]{}[colorindex:colorIndex=0]层精灵获得大量基础资源,你被第[colorindex:colorIndex=2]{}[colorindex:colorIndex=0]层精灵击败,[colorindex:colorIndex=2]{}[colorindex:colorIndex=0]公会推进到第[colorindex:colorIndex=2]{}[colorindex:colorIndex=0]层,1,0,[colorindex:colorIndex=2]{}[colorindex:colorIndex=0]公会推进到第[colorindex:colorIndex=2]{}[colorindex:colorIndex=0]层，给全服玩家发[colorindex:colorIndex=2]{}[colorindex:colorIndex=0]个红包,1,1,50,8888
179,你击败了第[colorindex:colorIndex=2]{}[colorindex:colorIndex=0]层精灵获得大量基础资源,你被第[colorindex:colorIndex=2]{}[colorindex:colorIndex=0]层精灵击败,[colorindex:colorIndex=2]{}[colorindex:colorIndex=0]公会推进到第[colorindex:colorIndex=2]{}[colorindex:colorIndex=0]层,1,0,[colorindex:colorIndex=2]{}[colorindex:colorIndex=0]公会推进到第[colorindex:colorIndex=2]{}[colorindex:colorIndex=0]层，给全服玩家发[colorindex:colorIndex=2]{}[colorindex:colorIndex=0]个红包,1,1,50,8888
180,你击败了第[colorindex:colorIndex=2]{}[colorindex:colorIndex=0]层精灵获得大量基础资源,你被第[colorindex:colorIndex=2]{}[colorindex:colorIndex=0]层精灵击败,[colorindex:colorIndex=2]{}[colorindex:colorIndex=0]公会推进到第[colorindex:colorIndex=2]{}[colorindex:colorIndex=0]层,0,0,[colorindex:colorIndex=2]{}[colorindex:colorIndex=0]公会推进到第[colorindex:colorIndex=2]{}[colorindex:colorIndex=0]层，给全服玩家发[colorindex:colorIndex=2]{}[colorindex:colorIndex=0]个红包,1,1,50,8888
181,你击败了第[colorindex:colorIndex=2]{}[colorindex:colorIndex=0]层精灵获得大量基础资源,你被第[colorindex:colorIndex=2]{}[colorindex:colorIndex=0]层精灵击败,[colorindex:colorIndex=2]{}[colorindex:colorIndex=0]公会推进到第[colorindex:colorIndex=2]{}[colorindex:colorIndex=0]层,1,0,[colorindex:colorIndex=2]{}[colorindex:colorIndex=0]公会推进到第[colorindex:colorIndex=2]{}[colorindex:colorIndex=0]层，给全服玩家发[colorindex:colorIndex=2]{}[colorindex:colorIndex=0]个红包,1,1,50,8888
182,你击败了第[colorindex:colorIndex=2]{}[colorindex:colorIndex=0]层精灵获得大量基础资源,你被第[colorindex:colorIndex=2]{}[colorindex:colorIndex=0]层精灵击败,[colorindex:colorIndex=2]{}[colorindex:colorIndex=0]公会推进到第[colorindex:colorIndex=2]{}[colorindex:colorIndex=0]层,1,0,[colorindex:colorIndex=2]{}[colorindex:colorIndex=0]公会推进到第[colorindex:colorIndex=2]{}[colorindex:colorIndex=0]层，给全服玩家发[colorindex:colorIndex=2]{}[colorindex:colorIndex=0]个红包,1,1,50,8888
183,你击败了第[colorindex:colorIndex=2]{}[colorindex:colorIndex=0]层精灵获得大量基础资源,你被第[colorindex:colorIndex=2]{}[colorindex:colorIndex=0]层精灵击败,[colorindex:colorIndex=2]{}[colorindex:colorIndex=0]公会推进到第[colorindex:colorIndex=2]{}[colorindex:colorIndex=0]层,1,0,[colorindex:colorIndex=2]{}[colorindex:colorIndex=0]公会推进到第[colorindex:colorIndex=2]{}[colorindex:colorIndex=0]层，给全服玩家发[colorindex:colorIndex=2]{}[colorindex:colorIndex=0]个红包,1,1,50,8888
184,你击败了第[colorindex:colorIndex=2]{}[colorindex:colorIndex=0]层精灵获得大量基础资源,你被第[colorindex:colorIndex=2]{}[colorindex:colorIndex=0]层精灵击败,[colorindex:colorIndex=2]{}[colorindex:colorIndex=0]公会推进到第[colorindex:colorIndex=2]{}[colorindex:colorIndex=0]层,1,0,[colorindex:colorIndex=2]{}[colorindex:colorIndex=0]公会推进到第[colorindex:colorIndex=2]{}[colorindex:colorIndex=0]层，给全服玩家发[colorindex:colorIndex=2]{}[colorindex:colorIndex=0]个红包,1,1,50,8888
185,你击败了第[colorindex:colorIndex=2]{}[colorindex:colorIndex=0]层精灵获得大量基础资源,你被第[colorindex:colorIndex=2]{}[colorindex:colorIndex=0]层精灵击败,[colorindex:colorIndex=2]{}[colorindex:colorIndex=0]公会推进到第[colorindex:colorIndex=2]{}[colorindex:colorIndex=0]层,0,0,[colorindex:colorIndex=2]{}[colorindex:colorIndex=0]公会推进到第[colorindex:colorIndex=2]{}[colorindex:colorIndex=0]层，给全服玩家发[colorindex:colorIndex=2]{}[colorindex:colorIndex=0]个红包,1,1,50,8888
186,你击败了第[colorindex:colorIndex=2]{}[colorindex:colorIndex=0]层精灵获得大量基础资源,你被第[colorindex:colorIndex=2]{}[colorindex:colorIndex=0]层精灵击败,[colorindex:colorIndex=2]{}[colorindex:colorIndex=0]公会推进到第[colorindex:colorIndex=2]{}[colorindex:colorIndex=0]层,1,0,[colorindex:colorIndex=2]{}[colorindex:colorIndex=0]公会推进到第[colorindex:colorIndex=2]{}[colorindex:colorIndex=0]层，给全服玩家发[colorindex:colorIndex=2]{}[colorindex:colorIndex=0]个红包,1,1,50,8888
187,你击败了第[colorindex:colorIndex=2]{}[colorindex:colorIndex=0]层精灵获得大量基础资源,你被第[colorindex:colorIndex=2]{}[colorindex:colorIndex=0]层精灵击败,[colorindex:colorIndex=2]{}[colorindex:colorIndex=0]公会推进到第[colorindex:colorIndex=2]{}[colorindex:colorIndex=0]层,1,0,[colorindex:colorIndex=2]{}[colorindex:colorIndex=0]公会推进到第[colorindex:colorIndex=2]{}[colorindex:colorIndex=0]层，给全服玩家发[colorindex:colorIndex=2]{}[colorindex:colorIndex=0]个红包,1,1,50,8888
188,你击败了第[colorindex:colorIndex=2]{}[colorindex:colorIndex=0]层精灵获得大量基础资源,你被第[colorindex:colorIndex=2]{}[colorindex:colorIndex=0]层精灵击败,[colorindex:colorIndex=2]{}[colorindex:colorIndex=0]公会推进到第[colorindex:colorIndex=2]{}[colorindex:colorIndex=0]层,1,0,[colorindex:colorIndex=2]{}[colorindex:colorIndex=0]公会推进到第[colorindex:colorIndex=2]{}[colorindex:colorIndex=0]层，给全服玩家发[colorindex:colorIndex=2]{}[colorindex:colorIndex=0]个红包,1,1,50,8888
189,你击败了第[colorindex:colorIndex=2]{}[colorindex:colorIndex=0]层精灵获得大量基础资源,你被第[colorindex:colorIndex=2]{}[colorindex:colorIndex=0]层精灵击败,[colorindex:colorIndex=2]{}[colorindex:colorIndex=0]公会推进到第[colorindex:colorIndex=2]{}[colorindex:colorIndex=0]层,1,0,[colorindex:colorIndex=2]{}[colorindex:colorIndex=0]公会推进到第[colorindex:colorIndex=2]{}[colorindex:colorIndex=0]层，给全服玩家发[colorindex:colorIndex=2]{}[colorindex:colorIndex=0]个红包,1,1,50,8888
190,你击败了第[colorindex:colorIndex=2]{}[colorindex:colorIndex=0]层精灵获得大量基础资源,你被第[colorindex:colorIndex=2]{}[colorindex:colorIndex=0]层精灵击败,[colorindex:colorIndex=2]{}[colorindex:colorIndex=0]公会推进到第[colorindex:colorIndex=2]{}[colorindex:colorIndex=0]层,0,0,[colorindex:colorIndex=2]{}[colorindex:colorIndex=0]公会推进到第[colorindex:colorIndex=2]{}[colorindex:colorIndex=0]层，给全服玩家发[colorindex:colorIndex=2]{}[colorindex:colorIndex=0]个红包,1,1,50,8888
191,你击败了第[colorindex:colorIndex=2]{}[colorindex:colorIndex=0]层精灵获得大量基础资源,你被第[colorindex:colorIndex=2]{}[colorindex:colorIndex=0]层精灵击败,[colorindex:colorIndex=2]{}[colorindex:colorIndex=0]公会推进到第[colorindex:colorIndex=2]{}[colorindex:colorIndex=0]层,1,0,[colorindex:colorIndex=2]{}[colorindex:colorIndex=0]公会推进到第[colorindex:colorIndex=2]{}[colorindex:colorIndex=0]层，给全服玩家发[colorindex:colorIndex=2]{}[colorindex:colorIndex=0]个红包,1,1,50,8888
192,你击败了第[colorindex:colorIndex=2]{}[colorindex:colorIndex=0]层精灵获得大量基础资源,你被第[colorindex:colorIndex=2]{}[colorindex:colorIndex=0]层精灵击败,[colorindex:colorIndex=2]{}[colorindex:colorIndex=0]公会推进到第[colorindex:colorIndex=2]{}[colorindex:colorIndex=0]层,1,0,[colorindex:colorIndex=2]{}[colorindex:colorIndex=0]公会推进到第[colorindex:colorIndex=2]{}[colorindex:colorIndex=0]层，给全服玩家发[colorindex:colorIndex=2]{}[colorindex:colorIndex=0]个红包,1,1,50,8888
193,你击败了第[colorindex:colorIndex=2]{}[colorindex:colorIndex=0]层精灵获得大量基础资源,你被第[colorindex:colorIndex=2]{}[colorindex:colorIndex=0]层精灵击败,[colorindex:colorIndex=2]{}[colorindex:colorIndex=0]公会推进到第[colorindex:colorIndex=2]{}[colorindex:colorIndex=0]层,1,0,[colorindex:colorIndex=2]{}[colorindex:colorIndex=0]公会推进到第[colorindex:colorIndex=2]{}[colorindex:colorIndex=0]层，给全服玩家发[colorindex:colorIndex=2]{}[colorindex:colorIndex=0]个红包,1,1,50,8888
194,你击败了第[colorindex:colorIndex=2]{}[colorindex:colorIndex=0]层精灵获得大量基础资源,你被第[colorindex:colorIndex=2]{}[colorindex:colorIndex=0]层精灵击败,[colorindex:colorIndex=2]{}[colorindex:colorIndex=0]公会推进到第[colorindex:colorIndex=2]{}[colorindex:colorIndex=0]层,1,0,[colorindex:colorIndex=2]{}[colorindex:colorIndex=0]公会推进到第[colorindex:colorIndex=2]{}[colorindex:colorIndex=0]层，给全服玩家发[colorindex:colorIndex=2]{}[colorindex:colorIndex=0]个红包,1,1,50,8888
195,你击败了第[colorindex:colorIndex=2]{}[colorindex:colorIndex=0]层精灵获得大量基础资源,你被第[colorindex:colorIndex=2]{}[colorindex:colorIndex=0]层精灵击败,[colorindex:colorIndex=2]{}[colorindex:colorIndex=0]公会推进到第[colorindex:colorIndex=2]{}[colorindex:colorIndex=0]层,0,0,[colorindex:colorIndex=2]{}[colorindex:colorIndex=0]公会推进到第[colorindex:colorIndex=2]{}[colorindex:colorIndex=0]层，给全服玩家发[colorindex:colorIndex=2]{}[colorindex:colorIndex=0]个红包,1,1,50,8888
196,你击败了第[colorindex:colorIndex=2]{}[colorindex:colorIndex=0]层精灵获得大量基础资源,你被第[colorindex:colorIndex=2]{}[colorindex:colorIndex=0]层精灵击败,[colorindex:colorIndex=2]{}[colorindex:colorIndex=0]公会推进到第[colorindex:colorIndex=2]{}[colorindex:colorIndex=0]层,1,0,[colorindex:colorIndex=2]{}[colorindex:colorIndex=0]公会推进到第[colorindex:colorIndex=2]{}[colorindex:colorIndex=0]层，给全服玩家发[colorindex:colorIndex=2]{}[colorindex:colorIndex=0]个红包,1,1,50,8888
197,你击败了第[colorindex:colorIndex=2]{}[colorindex:colorIndex=0]层精灵获得大量基础资源,你被第[colorindex:colorIndex=2]{}[colorindex:colorIndex=0]层精灵击败,[colorindex:colorIndex=2]{}[colorindex:colorIndex=0]公会推进到第[colorindex:colorIndex=2]{}[colorindex:colorIndex=0]层,1,0,[colorindex:colorIndex=2]{}[colorindex:colorIndex=0]公会推进到第[colorindex:colorIndex=2]{}[colorindex:colorIndex=0]层，给全服玩家发[colorindex:colorIndex=2]{}[colorindex:colorIndex=0]个红包,1,1,50,8888
198,你击败了第[colorindex:colorIndex=2]{}[colorindex:colorIndex=0]层精灵获得大量基础资源,你被第[colorindex:colorIndex=2]{}[colorindex:colorIndex=0]层精灵击败,[colorindex:colorIndex=2]{}[colorindex:colorIndex=0]公会推进到第[colorindex:colorIndex=2]{}[colorindex:colorIndex=0]层,1,0,[colorindex:colorIndex=2]{}[colorindex:colorIndex=0]公会推进到第[colorindex:colorIndex=2]{}[colorindex:colorIndex=0]层，给全服玩家发[colorindex:colorIndex=2]{}[colorindex:colorIndex=0]个红包,1,1,50,8888
199,你击败了第[colorindex:colorIndex=2]{}[colorindex:colorIndex=0]层精灵获得大量基础资源,你被第[colorindex:colorIndex=2]{}[colorindex:colorIndex=0]层精灵击败,[colorindex:colorIndex=2]{}[colorindex:colorIndex=0]公会推进到第[colorindex:colorIndex=2]{}[colorindex:colorIndex=0]层,1,0,[colorindex:colorIndex=2]{}[colorindex:colorIndex=0]公会推进到第[colorindex:colorIndex=2]{}[colorindex:colorIndex=0]层，给全服玩家发[colorindex:colorIndex=2]{}[colorindex:colorIndex=0]个红包,1,1,50,8888
200,你击败了第[colorindex:colorIndex=2]{}[colorindex:colorIndex=0]层精灵获得大量基础资源,你被第[colorindex:colorIndex=2]{}[colorindex:colorIndex=0]层精灵击败,[colorindex:colorIndex=2]{}[colorindex:colorIndex=0]公会推进到第[colorindex:colorIndex=2]{}[colorindex:colorIndex=0]层,0,0,[colorindex:colorIndex=2]{}[colorindex:colorIndex=0]公会推进到第[colorindex:colorIndex=2]{}[colorindex:colorIndex=0]层，给全服玩家发[colorindex:colorIndex=2]{}[colorindex:colorIndex=0]个红包,1,1,50,8888
